OverallQual,TotalSF,TotalLivingArea,GrLivArea,GarageCars,GarageArea,TotalBathrooms,TotalBsmtSF,FullBath,TotRmsAbvGrd,YearBuilt,YearRemodAdd
-0.8204445578548297,0.05423341033920597,0.04719045799056398,-0.40709314807972335,-1.056543843657237,-0.8638372713165864,-0.2851435302537876,0.5726121928947197,-1.0555657250367967,-0.9645659090752412,-0.4554689634533773,-1.3460630279925625
-0.08893368489724114,-0.26003524349341217,-0.2663831114186663,0.08317012986669654,0.2950916540335109,-0.4562639668430008,0.35656676519211616,-0.5965465945922769,0.7736638993593138,0.2707553428983133,0.7186089531287432,0.43921378939409295
-0.8204445578548297,-1.2077135872212297,-1.2119654253736318,-1.3952502608277602,-2.408179341347985,-2.2571692656797744,-1.568564121145595,-0.6033572283057933,-1.0555657250367967,-1.5822265350620184,-1.9882929101022566,-1.6838181015522
-0.8204445578548297,-0.1029009165771031,-0.10959632671405113,0.45897505498515845,-1.056543843657237,-1.119755392730233,0.35656676519211616,-0.7509209587653172,-1.0555657250367967,0.2707553428983133,-1.1077344726656664,-1.6838181015522
-0.8204445578548297,0.16264391495588432,0.15536118542243024,0.3120868355226124,-1.056543843657237,-0.7974881287278631,-0.2851435302537876,-0.0812086436028629,0.7736638993593138,-0.34690528308846397,-1.5317070536536543,-1.6838181015522
-0.8204445578548297,-0.9689668579530392,-0.9737467447371624,-1.208301617875429,0.2950916540335109,0.3588826421041703,-0.2851435302537876,-0.38087652699758817,-1.0555657250367967,-0.9645659090752412,0.03373016845583956,-0.6223021560790535
-0.08893368489724114,-0.41351528373724894,-0.41952369182782523,0.062186098514904246,0.2950916540335109,-0.36147947743053904,0.35656676519211616,-0.8576208869437421,0.7736638993593138,-0.34690528308846397,1.1099682586561166,0.9699717621306662
-1.5519554308124182,-0.7716353776395347,-0.7768517127825294,-0.7123154222876111,-1.056543843657237,-1.119755392730233,-0.2851435302537876,-0.6033572283057933,-1.0555657250367967,0.2707553428983133,-1.5969336045748832,1.066473211719134
-0.08893368489724114,0.31734205075721184,0.3097171672634079,-0.20106811298939903,0.2950916540335109,0.47262402939912446,-0.2851435302537876,0.817795006581313,0.7736638993593138,0.2707553428983133,0.32724964760136965,-0.18804563293094811
1.374088061017936,0.4976201932658455,0.48959657917257876,-0.05990281116825089,0.2950916540335109,-0.010776866604430547,-0.2851435302537876,0.9857906381813863,0.7736638993593138,0.2707553428983133,1.1751948095773455,1.066473211719134
-0.08893368489724114,-1.043270686959976,-1.0478862320781044,-1.1720564728132423,-1.056543843657237,-1.119755392730233,-0.2851435302537876,-0.5624934260246944,-1.0555657250367967,-0.34690528308846397,-0.16194948430784717,-0.911806504844457
-0.8204445578548297,-0.5767400884410119,-0.5823874836915339,-0.8420348888259636,0.2950916540335109,0.036615378101800336,-0.2851435302537876,-0.08574906607854055,-1.0555657250367967,-0.34690528308846397,-0.16194948430784717,-0.911806504844457
0.6425771880603474,0.35144872636695335,0.3437484073543321,0.1403993062806755,0.2950916540335109,0.008180031278061805,-0.2851435302537876,0.47499310966765,0.7736638993593138,0.2707553428983133,0.2294098212195263,-0.3327978073136499
0.6425771880603474,0.20771345058304275,0.20033103839972294,0.8748404035934056,0.2950916540335109,0.04609382704304651,0.35656676519211616,-0.6669231429652805,0.7736638993593138,0.2707553428983133,-0.19456275976846163,0.24621089021715725
0.6425771880603474,-0.3111952569080244,-0.3174299715550526,-0.6932390301496182,0.2950916540335109,0.2451412548092162,-0.9268538256996913,0.2320805072188954,-1.0555657250367967,-0.34690528308846397,-0.06410965792600382,-0.7670543304617553
-0.08893368489724114,0.8447774271507144,0.8359859872409144,1.4108870226710086,0.2950916540335109,-0.4088717221367699,0.35656676519211616,-0.11753202340828414,0.7736638993593138,0.8884159688850906,1.0121284322742732,0.8252195877479644
-0.08893368489724114,1.8082910131259118,1.7973685198095235,1.3956259089606142,0.2950916540335109,-0.12451825389938466,0.9982770606380199,1.6963667556249395,0.7736638993593138,0.2707553428983133,-0.5859220652958351,-1.5390659271694982
-0.8204445578548297,-1.137064044886765,-1.141472142328146,-1.3399287236275805,0.2950916540335109,1.1550723531688492,-0.2851435302537876,-0.5375211024084673,-1.0555657250367967,-1.5822265350620184,-0.5206955143746061,0.48746451418832687
-0.08893368489724114,-0.5694315150960673,-0.5750950751006216,-0.19343755613420183,0.2950916540335109,-0.17191049860561555,-0.9268538256996913,-0.8439996195167091,-1.0555657250367967,-0.34690528308846397,0.19679654575891184,-0.38104853210788386
-0.08893368489724114,0.820415516000899,0.8116779586045401,0.23578126697064047,0.2950916540335109,0.6621930082240479,0.9982770606380199,1.2355138743436573,0.7736638993593138,0.2707553428983133,0.4903160249044419,0.053207991040221524
-0.8204445578548297,-1.2503469317334066,-1.2545044754872872,-1.4086037353243555,-1.056543843657237,-1.3093243715551568,-1.568564121145595,-0.6669231429652805,-1.0555657250367967,-0.9645659090752412,-1.4664805027324255,-1.6838181015522
-0.8204445578548297,1.581725239432629,1.5713038534912411,2.1109906141353516,2.998362649415007,2.330400021883375,2.923407946975731,0.42277825119735696,0.7736638993593138,3.3590584728321997,-0.06410965792600382,-0.7670543304617553
-0.8204445578548297,0.042052454764298294,0.035036443672376766,0.09270832593569303,-1.056543843657237,-1.1908437597895796,-1.568564121145595,-0.04488526379744164,-1.0555657250367967,0.8884159688850906,-1.4012539518111964,-1.6838181015522
-0.08893368489724114,-0.3854990859149613,-0.3915694588959946,-0.08279448173384249,0.2950916540335109,-0.3946540487249007,0.35656676519211616,-0.6328699743976981,0.7736638993593138,0.8884159688850906,1.1099682586561166,1.066473211719134
0.6425771880603474,-0.25272667014846756,-0.2590907028277539,-0.6245640184528435,0.2950916540335109,0.3731003155160396,0.9982770606380199,0.2593230420729613,0.7736638993593138,-0.9645659090752412,1.0447417077348877,0.8734703125421983
0.6425771880603474,-0.8629925444513423,-0.8680068201689336,-0.5291820577628785,0.2950916540335109,0.2451412548092162,0.35656676519211616,-0.991563349976233,0.7736638993593138,-0.9645659090752412,1.1425815341167311,1.066473211719134
0.6425771880603474,1.486713785948349,1.476502541809381,0.7145987096342645,0.2950916540335109,0.42997100916351666,0.9982770606380199,1.9074964007439505,0.7736638993593138,0.2707553428983133,-0.39024241253214836,0.8252195877479644
-2.2834663037700067,-1.8801023349561337,-1.8828670157375664,-0.9297862926607313,0.2950916540335109,-0.36147947743053904,-0.2851435302537876,-2.4104453736255005,0.7736638993593138,-0.34690528308846397,-0.716375167138293,-1.6838181015522
0.6425771880603474,0.5122373399557347,0.5041813963544034,-0.0484569758854551,0.2950916540335109,0.7948912934014944,-0.2851435302537876,0.9994119056084193,0.7736638993593138,0.2707553428983133,1.2404213604985743,1.162974661307602
-0.8204445578548297,-0.1552790255492061,-0.1618585882822562,-0.5711501204664631,-1.056543843657237,-0.9728394341409174,-0.9268538256996913,0.3773740264405804,-1.0555657250367967,-0.34690528308846397,-0.16194948430784717,1.0182224869249001
-0.8204445578548297,-0.8715192133537777,-0.5945414980097211,-0.4948445519144911,-1.056543843657237,-0.8922726181403249,-1.568564121145595,-0.5216296237435956,-1.0555657250367967,-0.34690528308846397,-0.716375167138293,-1.6838181015522
-0.8204445578548297,-1.0420525914024852,-1.0466708306462857,-1.2655307942894078,-2.408179341347985,-2.2571692656797744,-0.2851435302537876,-0.44898286413275307,-1.0555657250367967,-0.9645659090752412,-1.4990937781930398,-1.6838181015522
-0.08893368489724114,0.9604965051123373,0.951449123263693,0.30254863945361593,0.2950916540335109,0.6432361103415556,0.9982770606380199,1.4171307733707637,0.7736638993593138,0.2707553428983133,0.2946363721407552,-0.23629635772518207
-1.5519554308124182,0.3867734975341856,0.3789950488770751,0.1766444513428622,0.2950916540335109,0.06505072492553886,0.9982770606380199,0.4976952220460383,0.7736638993593138,0.8884159688850906,0.16418327029829738,0.390963064599859
-0.8204445578548297,-1.0566697380923744,-1.0612556478281103,-1.2769766295722038,0.2950916540335109,0.47262402939912446,-0.2851435302537876,-0.462604131559786,-1.0555657250367967,-0.9645659090752412,0.3598629230619841,-0.1397949081367142
0.6425771880603474,0.01281816138451986,0.005866809308727443,-0.43189245785911423,0.2950916540335109,0.45366713151663207,0.9982770606380199,0.5249377569001042,0.7736638993593138,-0.9645659090752412,1.1425815341167311,1.0182224869249001
-0.08893368489724114,0.5195459133006793,0.5114738049453157,-0.0427340582440572,0.2950916540335109,0.1361390919848852,-0.2851435302537876,1.0062225393219357,-1.0555657250367967,-0.34690528308846397,-0.5859220652958351,-1.5390659271694982
-1.5519554308124182,-1.0420525914024852,-1.0466708306462857,-1.2655307942894078,-1.056543843657237,-0.9301864139053097,-1.568564121145595,-0.44898286413275307,-1.0555657250367967,-0.9645659090752412,-0.031496382465389355,-0.7188036056675213
-0.8204445578548297,-0.33312097694285825,-0.3393071973277896,-0.5787806773216603,0.2950916540335109,0.2451412548092162,0.9982770606380199,0.0550040306674668,-2.884795349432907,-0.34690528308846397,0.26202309668014073,-0.28454708251941596
-0.8204445578548297,0.22233059727293195,0.2149158555815476,-0.2754660423275717,-1.056543843657237,-0.5794838030792011,-0.2851435302537876,0.7292567683055987,-1.0555657250367967,-0.34690528308846397,-0.5533087898352207,-1.4908152023752643
-0.8204445578548297,-1.158989764921599,-1.163349368100883,-1.3570974765517743,-1.056543843657237,-1.006014005435279,-0.9268538256996913,-0.5579530035490168,-1.0555657250367967,-0.9645659090752412,0.3598629230619841,1.1147239365133679
0.6425771880603474,0.12731914378865206,0.1201145438996873,-0.34986397166574434,2.998362649415007,1.4583827192887269,2.2816976515298273,0.6407185300298844,0.7736638993593138,0.8884159688850906,0.8490620549712009,0.6322166885710286
0.6425771880603474,-0.6120648596082441,-0.6176341252142769,-0.258297289403378,0.2950916540335109,0.30201194845669327,-0.2851435302537876,-0.846269830754548,0.7736638993593138,-0.9645659090752412,1.1751948095773455,1.066473211719134
-0.8204445578548297,-0.5523781772911965,-0.5580794550551595,-0.8820953123157488,0.2950916540335109,-0.0723867847225307,-0.9268538256996913,0.0073295946728514074,-1.0555657250367967,-0.34690528308846397,-0.35762913707153393,-1.2013108536098607
-0.8204445578548297,-0.8191411043816746,-0.8242523686234596,-0.5291820577628785,0.2950916540335109,0.3588826421041703,-0.2851435302537876,-0.9098357454140351,0.7736638993593138,0.8884159688850906,-1.9882929101022566,0.8734703125421983
-1.5519554308124182,-0.48172863495673196,-0.48758617200967364,-0.14383893657542005,-2.408179341347985,-2.2571692656797744,-0.2851435302537876,-0.7395699025761231,0.7736638993593138,0.8884159688850906,-1.662160155496112,1.1147239365133679
-0.08893368489724114,-1.1151383248519313,-1.119594916555409,-0.8229584966879705,-2.408179341347985,-2.2571692656797744,-1.568564121145595,-1.1118845455816908,-1.0555657250367967,-0.9645659090752412,-1.5317070536536543,-1.6838181015522
0.6425771880603474,0.33195919744710106,0.32430198444523256,-0.18962227770660323,0.2950916540335109,0.017658480219307982,-0.2851435302537876,0.8314162740083461,0.7736638993593138,-0.34690528308846397,1.1751948095773455,1.1147239365133679
-0.08893368489724114,-0.18573141448647532,-0.19224362407772422,0.24913474146723555,0.2950916540335109,-0.21456351884122332,1.6399873560839235,-0.6555720867760864,0.7736638993593138,0.8884159688850906,0.783835504049972,0.5357152389825608
-0.8204445578548297,-1.0420525914024852,-1.0466708306462857,-1.2655307942894078,0.2950916540335109,1.1550723531688492,-0.2851435302537876,-0.44898286413275307,-1.0555657250367967,-0.9645659090752412,-0.6837618916776784,0.8252195877479644
-0.8204445578548297,0.03718007253433522,0.03017483794510188,0.7641973291930463,-2.408179341347985,-2.2571692656797744,-0.2851435302537876,-0.8530804644680644,0.7736638993593138,2.123737220858645,-1.79261325733857,0.48746451418832687
-0.08893368489724114,0.33195919744710106,0.32430198444523256,0.018310396597520366,0.2950916540335109,-0.0676475602519076,0.35656676519211616,0.5839632490839137,-1.0555657250367967,0.2707553428983133,-0.292402586150305,0.9699717621306662
0.6425771880603474,0.19309630389315352,0.18574622121789827,0.6402007802960918,1.6467271517242588,0.8707188849314639,0.35656676519211616,-0.4149296955651706,0.7736638993593138,1.5060765948718677,1.1425815341167311,1.0182224869249001
2.837109806933113,0.5365992511055501,0.5284894249907779,0.914900827083191,1.6467271517242588,1.5910810044661732,1.6399873560839235,-0.10164054474341234,0.7736638993593138,2.123737220858645,1.20780808503796,1.1147239365133679
2.1055989339755246,1.2187327633003802,1.209114226809262,0.5047583961163417,1.6467271517242588,1.8849129216448046,0.9982770606380199,1.6577731645816793,0.7736638993593138,-0.34690528308846397,1.0447417077348877,0.9217210373364323
-0.8204445578548297,-0.7886887154444054,-0.7938673328279916,-1.0671363160542808,0.2950916540335109,0.017658480219307982,-1.568564121145595,-0.21288089539751492,-1.0555657250367967,-0.9645659090752412,-1.5643203291142687,1.0182224869249001
-0.08893368489724114,1.3697766124292354,1.3598240043547836,2.1491433984113373,0.2950916540335109,0.6764106816359172,1.6399873560839235,-0.0176427289433757,0.7736638993593138,1.5060765948718677,-0.09672293338661826,-0.04329345854824633
-1.5519554308124182,-1.1882240583013775,-1.1925190024645322,-1.0823974297646752,-1.056543843657237,-0.5320915583729703,-0.9268538256996913,-0.9393484915059399,-2.884795349432907,-2.1998871610487956,-0.19456275976846163,0.7769688629537305
2.837109806933113,1.7400776619064289,1.7293060396276752,2.379967743281053,0.2950916540335109,1.9133482684685432,1.6399873560839235,0.3978059275811298,2.6028935237554243,1.5060765948718677,-2.5427185929327023,0.7287181381594966
2.1055989339755246,2.695064578979191,2.682180762173553,2.128159367059545,1.6467271517242588,1.031852516932649,0.35656676519211616,2.4773194214414964,0.7736638993593138,1.5060765948718677,1.1425815341167311,1.0182224869249001
1.374088061017936,0.7997078915235559,0.7910161342636217,0.22624307090164397,0.2950916540335109,0.027136929160554157,1.6399873560839235,1.2082713394895914,0.7736638993593138,-0.9645659090752412,1.077354983195502,0.9699717621306662
-0.08893368489724114,0.015254352499501397,0.008297612172364887,-0.4376153755005121,0.2950916540335109,-0.3472618040186698,0.9982770606380199,0.5362888130892983,0.7736638993593138,-0.9645659090752412,0.4577027494438275,0.004957266245987597
1.374088061017936,0.9799860340321896,0.9708955461727926,0.31780975316401033,1.6467271517242588,1.420468923523742,-0.2851435302537876,1.4352924632734743,0.7736638993593138,0.2707553428983133,1.20780808503796,1.1147239365133679
-0.08893368489724114,-0.8130506265942208,-0.818175361464366,-1.086212708192274,-1.056543843657237,-0.8306627000222248,-1.568564121145595,-0.2355830077759032,-1.0555657250367967,-0.9645659090752412,-0.35762913707153393,0.6322166885710286
-0.8204445578548297,-0.8033058621342947,-0.8084521500098162,-1.0079995004265025,-1.056543843657237,-0.8354019244928479,-0.2851435302537876,-0.3104999786245845,-1.0555657250367967,-0.34690528308846397,-0.292402586150305,-1.1048094040213927
-0.8204445578548297,-0.9543497112631499,-0.9591619275553377,-0.9679390769367172,-2.408179341347985,-2.2571692656797744,-1.568564121145595,-0.6396806081112146,-1.0555657250367967,-0.34690528308846397,-3.1297575512237628,0.5357152389825608
0.6425771880603474,-0.11629996770950154,-0.12296574246405707,0.2796569688880243,0.2950916540335109,0.8849365583433331,1.6399873560839235,-0.5624934260246944,0.7736638993593138,0.2707553428983133,0.9469018813530443,0.7287181381594966
1.374088061017936,1.9958777289794902,1.9845403403096067,1.1171105837459165,1.6467271517242588,1.7190400651729967,1.6399873560839235,2.377430126976588,0.7736638993593138,0.2707553428983133,0.783835504049972,0.48746451418832687
-0.08893368489724114,0.35875729971189796,0.35104081594524444,0.9587765290005749,0.2950916540335109,0.35414341763354723,0.35656676519211616,-0.4853062439381743,0.7736638993593138,0.8884159688850906,0.16418327029829738,-0.4292992569021178
-0.08893368489724114,-0.9019716022910469,-0.9068996659871327,-0.5921341518182553,-1.056543843657237,-0.8922726181403249,-0.9268538256996913,-0.9892931387383941,-1.0555657250367967,-0.34690528308846397,0.2946363721407552,-0.23629635772518207
1.374088061017936,1.0591622452690896,1.0498966392410096,1.2239383797186774,0.2950916540335109,0.8091089668133638,0.35656676519211616,0.5045058557595548,0.7736638993593138,0.2707553428983133,1.0121284322742732,0.8252195877479644
0.6425771880603474,0.29176204404990574,0.28419373719521474,0.615401470516701,0.2950916540335109,-0.04395143789879216,0.35656676519211616,-0.20152983920832077,0.7736638993593138,0.2707553428983133,0.7512222285893576,0.43921378939409295
-0.8204445578548297,-0.35991907920765515,-0.36604602882780146,-0.7313918144256042,-1.056543843657237,-0.6647898435504167,0.35656676519211616,0.18667628246211881,-1.0555657250367967,-0.34690528308846397,-0.2597893106896905,-1.0565586792271588
0.6425771880603474,0.32465062410215645,0.3170095758543202,-0.044641697457856504,0.2950916540335109,-0.1861281720174848,-0.2851435302537876,0.6452589525055621,0.7736638993593138,0.2707553428983133,1.1099682586561166,1.0182224869249001
-0.08893368489724114,-0.2856152502007183,-0.2919065414868594,-0.41663134414871983,0.2950916540335109,0.036615378101800336,0.35656676519211616,-0.049425686273119294,-1.0555657250367967,-0.9645659090752412,0.09895671937706847,0.6804674133652626
-0.08893368489724114,-0.9324239912283161,-0.9372847017826007,-0.5139209440524841,-1.056543843657237,-0.9301864139053097,-1.568564121145595,-1.1391270804357567,-1.0555657250367967,-0.34690528308846397,-1.0425079217444375,-1.6838181015522
-0.8204445578548297,-0.22349237676868913,-0.2299210684641046,-0.20106811298939903,-1.056543843657237,-0.9017510670815712,-1.568564121145595,-0.19017878301912663,-1.0555657250367967,-0.34690528308846397,-0.35762913707153393,-0.3327978073136499
-0.08893368489724114,0.3660658730568426,0.3583332245361568,-0.16291532871341305,-1.056543843657237,-0.8306627000222248,-0.9268538256996913,0.8631992313380896,-1.0555657250367967,0.2707553428983133,-0.4228556879927628,-1.2978123031983284
-0.8204445578548297,-0.7497096576047009,-0.7549744870097924,-0.6245640184528435,-1.056543843657237,-1.119755392730233,-1.568564121145595,-0.6669231429652805,-1.0555657250367967,-0.34690528308846397,-0.8142149935201363,0.48746451418832687
-0.08893368489724114,0.04083435920680752,0.03382104224055805,0.2605805767500314,0.2950916540335109,-0.07712600919315378,0.35656676519211616,-0.24693406396509734,0.7736638993593138,0.2707553428983133,0.9469018813530443,0.7287181381594966
-0.8204445578548297,-1.022563062482633,-1.0272244077371862,-0.3193417442449556,0.2950916540335109,0.45366713151663207,-1.568564121145595,-1.5386842582953906,-1.0555657250367967,-0.34690528308846397,-0.5206955143746061,-1.4425644775810302
1.374088061017936,-0.5633410373086134,-0.569018067941528,-0.21632922669979343,0.2950916540335109,-0.3472618040186698,0.35656676519211616,-0.8054060284734491,0.7736638993593138,-0.34690528308846397,1.077354983195502,0.9217210373364323
-0.08893368489724114,0.158989628283412,0.15171498112697407,-0.35367925009334295,0.2950916540335109,-0.09134368260502304,-0.2851435302537876,0.7042844446893717,0.7736638993593138,0.2707553428983133,-0.1293362088472327,-0.8635557800502232
-0.8204445578548297,-0.8191411043816746,-0.8242523686234596,-0.780990433984386,0.2950916540335109,-0.31408723272430816,-0.2851435302537876,-0.6101678620193098,-1.0555657250367967,-0.9645659090752412,-1.0425079217444375,-1.6838181015522
-0.08893368489724114,0.8691393383005298,0.8602940158772889,1.559682881347354,0.2950916540335109,-0.5510484562554626,0.35656676519211616,-0.24920427520293617,0.7736638993593138,1.5060765948718677,-1.2708008499687387,-1.6838181015522
-0.08893368489724114,1.34541470127942,1.3355159757184092,0.6039556352339052,0.2950916540335109,0.3304472952804318,-0.2851435302537876,1.7758241489492985,0.7736638993593138,0.2707553428983133,0.19679654575891184,-0.38104853210788386
-0.08893368489724114,-1.3563212452351034,-1.3602444000555158,-1.030891170992094,-1.056543843657237,-1.006014005435279,-0.9268538256996913,-1.3139333457493465,-1.0555657250367967,-1.5822265350620184,0.0011168929952251002,-0.6705528808732875
-0.08893368489724114,0.7753459803737406,0.7667081056272473,0.15756805920486922,0.2950916540335109,0.017658480219307982,0.9982770606380199,1.2445947192950126,0.7736638993593138,-0.34690528308846397,0.19679654575891184,0.7769688629537305
-0.08893368489724114,-0.5109629283365104,-0.516755806373323,-0.8534807241087593,0.2950916540335109,0.036615378101800336,-0.9268538256996913,0.05046360819178914,-1.0555657250367967,-0.9645659090752412,0.3924761985225986,-0.09154418334248027
-1.5519554308124182,0.3502306308094626,0.3425330059225134,0.1804597297704608,2.998362649415007,4.1692191164851335,-0.2851435302537876,0.4250484624351958,-1.0555657250367967,0.2707553428983133,-0.32501586161091944,-0.4775499816963517
-0.08893368489724114,-0.32946669027038594,-0.3356609930323334,-0.03128822296126141,0.2950916540335109,-0.2998695593124389,1.6399873560839235,-0.5897359608787603,0.7736638993593138,0.8884159688850906,0.8490620549712009,0.5839659637767948
-0.8204445578548297,-0.34042955028780286,-0.3465996059187019,-0.7161307007152098,0.2950916540335109,0.036615378101800336,-0.2851435302537876,0.20483797236482945,-1.0555657250367967,-0.34690528308846397,-0.2271760352290761,-1.008307954432925
-0.8204445578548297,-0.1406618788593169,-0.14727377110043152,0.058370820087305646,-1.056543843657237,-0.9207079649640635,-0.9268538256996913,-0.34455314719216695,-1.0555657250367967,-0.34690528308846397,-0.6837618916776784,-1.6838181015522
1.374088061017936,0.12731914378865206,0.1201145438996873,0.7317674625584583,0.2950916540335109,-0.02499454001629981,0.35656676519211616,-0.646491241824731,0.7736638993593138,0.8884159688850906,0.7186089531287432,0.43921378939409295
-0.8204445578548297,-0.3477381236327475,-0.3538920145096142,-0.4223542617901177,-1.056543843657237,1.3256844341112803,-0.2851435302537876,-0.15839582568938304,-1.0555657250367967,-0.9645659090752412,-0.4554689634533773,0.7287181381594966
-0.8204445578548297,0.4915297154783917,0.4835195720134851,1.164801564090899,0.2950916540335109,-0.5510484562554626,-0.2851435302537876,-0.48303603270033546,0.7736638993593138,2.7413978468454223,-2.3796522156296303,-0.960057229638691
1.374088061017936,1.781492910861115,1.7706296883095116,1.7905072262170691,0.2950916540335109,0.6337576614003094,0.9982770606380199,1.176488382159848,2.6028935237554243,0.8884159688850906,1.077354983195502,0.9699717621306662
-0.08893368489724114,0.07615913037403979,0.06906768376330098,0.3941153217159823,0.2950916540335109,-0.17191049860561555,-0.9268538256996913,-0.3400127247164893,-1.0555657250367967,0.2707553428983133,-0.292402586150305,-0.18804563293094811
-0.08893368489724114,-0.686368688615181,-0.691773612555219,-0.704684865432414,-1.056543843657237,-1.271410575790172,-1.568564121145595,-0.4535232866084307,-1.0555657250367967,-0.9645659090752412,-1.368640676350582,-1.6838181015522
-0.8204445578548297,-0.9896744824303821,-0.9944085690780806,0.4646979726265564,0.2950916540335109,-0.6647898435504167,-1.568564121145595,-2.4104453736255005,-1.0555657250367967,1.5060765948718677,-0.35762913707153393,1.0182224869249001
-0.08893368489724114,-0.6668791596953286,-0.6723271896461194,-1.086212708192274,0.2950916540335109,-0.17191049860561555,-0.2851435302537876,0.03684234076475617,0.7736638993593138,-0.9645659090752412,0.16418327029829738,-0.4292992569021178
2.1055989339755246,1.2991270700947708,1.2893307213092977,0.5734334078131164,1.6467271517242588,1.410990474582496,-0.2851435302537876,1.7258795017168442,0.7736638993593138,1.5060765948718677,1.1751948095773455,1.066473211719134
-0.8204445578548297,-0.12117234993946462,-0.12782734819133196,0.3597778158675949,-1.056543843657237,-0.9254471894346865,-0.9268538256996913,-0.6669231429652805,-1.0555657250367967,0.8884159688850906,-0.716375167138293,1.1147239365133679
2.1055989339755246,1.9264462822025163,1.9152624586959395,2.2616941120254963,1.6467271517242588,1.8090853301148353,1.6399873560839235,0.8859013437164779,0.7736638993593138,2.7413978468454223,1.20780808503796,1.1147239365133679
-0.08893368489724114,-0.4049886148348136,-0.4110158818050942,-0.30598826974836046,-1.056543843657237,0.396796437869155,-1.568564121145595,-0.4035786393759765,-1.0555657250367967,-0.34690528308846397,-1.3034141254293532,-1.6838181015522
0.6425771880603474,0.1857877305482089,0.17845381262698595,0.5696181293855178,-1.056543843657237,-1.4799364524975878,0.35656676519211616,-0.34455314719216695,-1.0555657250367967,0.2707553428983133,-1.8252265327991843,0.9699717621306662
-0.08893368489724114,-0.22349237676868913,-0.2299210684641046,-0.6245640184528435,0.2950916540335109,0.2119666835148546,0.9982770606380199,0.3138081117810932,0.7736638993593138,-0.34690528308846397,0.783835504049972,0.48746451418832687
-0.8204445578548297,-1.2296393072560634,-0.5921106951460837,-0.277373681541371,0.2950916540335109,0.8707188849314639,-0.9268538256996913,-0.7758932823815443,-1.0555657250367967,0.2707553428983133,-0.9772813708232085,-1.6838181015522
-0.08893368489724114,-0.486601017186695,-0.49244777773694853,-0.13620837972022287,0.2950916540335109,-0.36147947743053904,0.35656676519211616,-0.7577315924788337,0.7736638993593138,0.8884159688850906,1.1099682586561166,0.9699717621306662
1.374088061017936,1.8192538731433288,1.808307132695892,1.756169720368682,1.6467271517242588,1.1124193329332412,1.6399873560839235,1.2877287328139504,0.7736638993593138,0.8884159688850906,0.7512222285893576,0.9699717621306662
-0.8204445578548297,0.3904277842066579,0.3826412531725312,0.8328723408898211,-2.408179341347985,-2.2571692656797744,-0.9268538256996913,-0.2764468100570021,-1.0555657250367967,0.2707553428983133,-1.9556796346416423,-1.6838181015522
-0.08893368489724114,-0.486601017186695,-0.49244777773694853,-0.8305890535431677,0.2950916540335109,0.1313998675142621,-0.2851435302537876,0.06862529809449977,-1.0555657250367967,-0.34690528308846397,-0.2271760352290761,-1.008307954432925
-0.8204445578548297,-0.4354410037720828,-0.4414009176005622,-0.7905286300533825,-1.056543843657237,-1.006014005435279,-1.568564121145595,0.11629973408911516,-1.0555657250367967,-0.9645659090752412,-0.6837618916776784,1.066473211719134
-1.5519554308124182,-1.0420525914024852,-1.0466708306462857,-1.2655307942894078,-2.408179341347985,-2.2571692656797744,-1.568564121145595,-0.44898286413275307,-1.0555657250367967,-0.9645659090752412,0.0011168929952251002,-0.6705528808732875
0.6425771880603474,0.26130965511263654,0.2538087013997467,0.5276500666819333,0.2950916540335109,-0.16243204966436936,0.35656676519211616,-0.1538554032137054,0.7736638993593138,0.2707553428983133,0.9142886058924299,0.6804674133652626
-0.8204445578548297,0.8289421849033344,0.8201857686272711,0.1995361219084538,0.2950916540335109,0.47262402939912446,-0.2851435302537876,1.294539366527467,0.7736638993593138,0.8884159688850906,-0.1293362088472327,-0.8635557800502232
-0.08893368489724114,1.8911215110352841,1.8800158171731967,2.0728378298593655,0.2950916540335109,0.7001068039890327,0.35656676519211616,1.044816130365196,0.7736638993593138,1.5060765948718677,0.09895671937706847,0.5839659637767948
0.6425771880603474,0.05423341033920597,0.04719045799056398,-0.40709314807972335,0.2950916540335109,0.7095852529302789,0.9982770606380199,0.5726121928947197,0.7736638993593138,-0.34690528308846397,1.1751948095773455,1.1147239365133679
0.6425771880603474,0.10904771042629054,0.10188352242240648,0.7546591331240499,0.2950916540335109,0.41575333575164736,1.6399873560839235,-0.7077869452463794,0.7736638993593138,0.8884159688850906,0.6859956776681286,0.3427123398056251
0.6425771880603474,0.4549868487536686,0.4470575290589235,-0.08279448173384249,0.2950916540335109,0.6148007635178171,0.9982770606380199,0.9335757797110933,0.7736638993593138,0.2707553428983133,1.077354983195502,0.9699717621306662
-1.5519554308124182,-1.772909925896946,-1.775911689737519,-1.5631225116420986,-2.408179341347985,-2.2571692656797744,-1.568564121145595,-1.4569566537331928,-1.0555657250367967,-0.9645659090752412,-1.009894646283823,-1.6838181015522
1.374088061017936,1.0262736652168387,1.017080800581904,0.354054898226197,1.6467271517242588,1.799606881173589,0.9982770606380199,1.478426476792412,0.7736638993593138,0.2707553428983133,1.077354983195502,0.9699717621306662
-0.8204445578548297,-0.055395189834963145,-0.06219567087312098,-0.4929369127006918,-1.056543843657237,-0.7974881287278631,-0.9268538256996913,0.47045268719197236,-1.0555657250367967,-0.34690528308846397,-0.35762913707153393,-1.2013108536098607
1.374088061017936,1.9374091422199333,1.926201071582308,1.086588356325128,1.6467271517242588,3.117111284006808,0.35656676519211616,2.3047833673657454,-1.0555657250367967,0.8884159688850906,1.1099682586561166,1.0182224869249001
-0.8204445578548297,-1.0420525914024852,-1.0466708306462857,-1.2655307942894078,-1.056543843657237,-0.8922726181403249,-1.568564121145595,-0.44898286413275307,-1.0555657250367967,-0.9645659090752412,0.03373016845583956,-0.6223021560790535
2.1055989339755246,0.8581764782831128,0.8493554029909204,1.2525529679256668,1.6467271517242588,1.7048223917611274,1.6399873560839235,0.0958678329485657,0.7736638993593138,2.123737220858645,1.20780808503796,1.1147239365133679
1.374088061017936,0.8094526559834821,0.8007393457181715,0.1842750081980594,1.6467271517242588,1.3304236585819034,0.9982770606380199,1.2763776766247563,0.7736638993593138,-0.9645659090752412,0.7512222285893576,0.48746451418832687
-0.8204445578548297,-0.6132829551657348,-0.6188495266460956,-0.9297862926607313,-1.056543843657237,-0.43730706896050847,-0.2851435302537876,-0.049425686273119294,-1.0555657250367967,-0.9645659090752412,-0.19456275976846163,-0.960057229638691
0.6425771880603474,0.40869921756901945,0.40087227464981207,0.9683147250695713,0.2950916540335109,-0.20034584542935407,0.35656676519211616,-0.4035786393759765,0.7736638993593138,0.8884159688850906,0.9795151568136587,0.7769688629537305
1.374088061017936,0.49274781103588244,0.48473497344530386,-0.0637180895958495,0.2950916540335109,0.022397704689931068,0.35656676519211616,0.9812502157057087,-1.0555657250367967,-0.34690528308846397,0.783835504049972,0.5357152389825608
0.6425771880603474,0.05423341033920597,0.04719045799056398,-0.40709314807972335,0.2950916540335109,0.7095852529302789,0.9982770606380199,0.5726121928947197,0.7736638993593138,-0.34690528308846397,1.1751948095773455,1.1147239365133679
-0.08893368489724114,-0.16867807668160456,-0.1752280040322621,0.41128407464017597,0.2950916540335109,0.2972727239860702,0.35656676519211616,-0.8167570846626432,-1.0555657250367967,0.2707553428983133,-0.09672293338661826,-0.8153050552559892
0.6425771880603474,0.7887450315061391,0.7800775213772533,1.143817532739107,1.6467271517242588,1.690604718349258,1.6399873560839235,0.0958678329485657,0.7736638993593138,0.8884159688850906,0.6533824022075142,0.2944616150113912
-0.8204445578548297,-0.1065552032495754,-0.1132425310095073,0.3597778158675949,-2.408179341347985,-2.2571692656797744,0.9982770606380199,-0.6396806081112146,0.7736638993593138,1.5060765948718677,-1.9230663591810278,0.7287181381594966
0.6425771880603474,0.16142581939839357,0.15414578399061152,-0.3231570226725542,0.2950916540335109,0.036615378101800336,0.9982770606380199,0.672501487359628,0.7736638993593138,-0.34690528308846397,1.2404213604985743,1.2112253861018358
0.6425771880603474,-0.9372963734582792,-0.9421463075098756,-0.18580699927900463,0.2950916540335109,-0.36147947743053904,0.35656676519211616,-1.5386842582953906,0.7736638993593138,0.8884159688850906,0.9469018813530443,0.7287181381594966
0.6425771880603474,-0.17233236335407687,-0.17887420832771828,-0.5845035949630581,0.2950916540335109,-0.36147947743053904,0.9982770606380199,0.3614825477757086,0.7736638993593138,-0.34690528308846397,1.077354983195502,0.9699717621306662
0.6425771880603474,0.5146735310707162,0.5066121992180409,1.08086543868373,0.2950916540335109,0.6574537837534249,0.35656676519211616,-0.3400127247164893,0.7736638993593138,0.8884159688850906,1.0447417077348877,0.9217210373364323
-0.8204445578548297,-1.0420525914024852,-1.0466708306462857,-1.2655307942894078,-1.056543843657237,-0.5510484562554626,-1.568564121145595,-0.44898286413275307,-1.0555657250367967,-0.9645659090752412,-0.19456275976846163,-0.960057229638691
-0.8204445578548297,-0.6364267707580594,-0.6419421538506513,-0.9049869828813404,0.2950916540335109,1.2972490872875417,-0.2851435302537876,-0.1220724458839618,-1.0555657250367967,-0.34690528308846397,-0.4228556879927628,0.2944616150113912
-0.8204445578548297,0.6182116534574316,0.6099213209226322,0.3311632276606054,0.2950916540335109,0.6384968858709326,0.9982770606380199,0.7451482469704706,0.7736638993593138,-0.34690528308846397,0.13156999483768292,-0.18804563293094811
-0.8204445578548297,-0.5743038973260303,-0.5799566808278965,-0.8992640652399425,-1.056543843657237,-0.7974881287278631,-0.2851435302537876,-0.013102306467698046,-1.0555657250367967,-0.34690528308846397,-0.4228556879927628,0.3427123398056251
-2.2834663037700067,-0.3148495435804967,-0.32107617585050874,-0.6951466693634175,-1.056543843657237,-1.214539882142695,-0.2851435302537876,0.22754008474321774,-1.0555657250367967,-0.34690528308846397,-0.5206955143746061,0.9699717621306662
0.6425771880603474,-0.12848092328440922,-0.1351197567822443,0.26248821596383065,0.2950916540335109,0.4062748868104012,0.35656676519211616,-0.5647636372625333,0.7736638993593138,0.2707553428983133,1.1751948095773455,1.066473211719134
-0.08893368489724114,-0.8569020666638885,-0.86192981300984,-0.6321945753080406,0.2950916540335109,0.2451412548092162,-1.568564121145595,-0.8576208869437421,-1.0555657250367967,0.2707553428983133,-1.662160155496112,0.7287181381594966
2.1055989339755246,3.023950379501698,3.010339148764608,3.076256056317797,1.6467271517242588,1.6289948002311578,1.6399873560839235,1.9619814704520824,2.6028935237554243,2.7413978468454223,1.20780808503796,1.162974661307602
0.6425771880603474,0.4903116199209009,0.4823041705816664,0.29491808259841873,0.2950916540335109,0.2546197037504624,-0.2851435302537876,0.5499100805163313,0.7736638993593138,0.2707553428983133,-0.031496382465389355,-0.7188036056675213
-0.8204445578548297,-1.174825007168979,-1.1791495867145263,-0.8687418378191537,0.2950916540335109,0.23092358139734695,-0.2851435302537876,-1.1686398265276616,-1.0555657250367967,-0.9645659090752412,1.1099682586561166,0.9699717621306662
0.6425771880603474,-0.3416476458452936,-0.3478150073505206,0.037386788735513356,0.2950916540335109,0.6527145592828018,0.35656676519211616,-0.6941656778193465,0.7736638993593138,0.2707553428983133,1.2404213604985743,1.162974661307602
2.1055989339755246,1.4940223592932937,1.4837949504002932,0.7203216272756624,1.6467271517242588,1.4773396171712192,-0.2851435302537876,1.914307034457467,0.7736638993593138,0.8884159688850906,1.1425815341167311,1.0182224869249001
0.6425771880603474,-0.15040664331924306,-0.1569969825549813,0.25485765910863345,0.2950916540335109,0.34940419316292415,1.6399873560839235,-0.5965465945922769,0.7736638993593138,-0.34690528308846397,0.8164487795105865,0.5357152389825608
-0.08893368489724114,0.017690543614482933,0.010728415036002331,-0.33841813638294854,0.2950916540335109,0.2072274590442315,0.35656676519211616,0.42277825119735696,-1.0555657250367967,-0.34690528308846397,-0.2271760352290761,-1.008307954432925
-0.08893368489724114,0.38555540197669486,0.37777964744525633,0.6058632744477045,0.2950916540335109,-0.0676475602519076,0.35656676519211616,-0.015372517705536874,0.7736638993593138,0.8884159688850906,0.6859956776681286,0.3427123398056251
-0.8204445578548297,-0.5475057950612334,-0.5532178493278846,0.1403993062806755,-1.056543843657237,-0.8354019244928479,-0.9268538256996913,-1.200422783857405,-1.0555657250367967,-0.34690528308846397,-0.4228556879927628,0.10145871583445545
-0.08893368489724114,-0.48051053939924115,-0.48637077057785494,-0.0560875327406523,0.2950916540335109,-0.3188264571949313,0.35656676519211616,-0.8417294082788703,0.7736638993593138,-0.34690528308846397,0.783835504049972,0.5357152389825608
0.6425771880603474,0.43184303316134404,0.42396490185436775,0.800442474255233,0.2950916540335109,0.9560249254026795,0.35656676519211616,-0.16066603692722187,0.7736638993593138,0.8884159688850906,1.077354983195502,0.9699717621306662
-0.8204445578548297,-0.4719838704968058,-0.47786296055512384,-0.819143218260372,-1.056543843657237,-1.0249709033177714,-0.2851435302537876,0.08224656552153274,-1.0555657250367967,-0.34690528308846397,-0.5206955143746061,-1.4425644775810302
-0.08893368489724114,-0.5791762795559934,-0.5848182865551714,-0.9030793436675411,0.2950916540335109,-0.07712600919315378,0.35656676519211616,-0.0176427289433757,-1.0555657250367967,-0.34690528308846397,-0.06410965792600382,-0.7670543304617553
-0.8204445578548297,-0.8861363600436669,-0.8910994473734893,-1.1434418846062528,-1.056543843657237,-0.8922726181403249,-1.568564121145595,-0.303689344911068,-1.0555657250367967,-0.9645659090752412,-0.4554689634533773,-1.3460630279925625
0.6425771880603474,0.3197782418721934,0.31214797012704537,0.5581722941027221,-1.056543843657237,-1.119755392730233,0.9982770606380199,-0.0812086436028629,0.7736638993593138,0.8884159688850906,-1.4990937781930398,-1.6838181015522
0.6425771880603474,1.1273755964885726,1.6004734878548905,2.9656129819174373,0.2950916540335109,0.9275895785789409,1.6399873560839235,-0.5397913136463062,0.7736638993593138,3.3590584728321997,-1.662160155496112,-0.7188036056675213
-1.5519554308124182,0.37581063751676874,0.36805643599070653,0.49712783926114446,-1.056543843657237,-0.8164450266103556,-0.2851435302537876,0.0958678329485657,-1.0555657250367967,0.8884159688850906,-0.4554689634533773,0.19796016542292333
-0.8204445578548297,-0.6571343952354025,-0.6626039781915696,-0.9641237985091187,-1.056543843657237,-0.9301864139053097,-0.2851435302537876,-0.0902894885542182,-1.0555657250367967,-1.5822265350620184,-1.9882929101022566,1.0182224869249001
0.6425771880603474,-0.04321423426005547,-0.05004165655493376,-0.4833987166316953,0.2950916540335109,0.15035676539675444,0.9982770606380199,0.4818037433811665,0.7736638993593138,-0.34690528308846397,1.1099682586561166,1.066473211719134
2.1055989339755246,1.2698927767149923,1.2601610869456483,1.8629975163414425,1.6467271517242588,0.8517619870489714,0.35656676519211616,0.1367316352296646,0.7736638993593138,2.7413978468454223,1.1099682586561166,1.066473211719134
2.1055989339755246,1.2296956233177971,1.2200528396956305,1.1934161522978886,1.6467271517242588,1.2308999446988185,1.6399873560839235,0.858658808862412,0.7736638993593138,0.8884159688850906,0.9469018813530443,0.7287181381594966
1.374088061017936,0.7010421513668038,0.6925686182863053,0.9606841682143741,0.2950916540335109,0.47736325386974754,1.6399873560839235,0.15035290265669757,0.7736638993593138,0.2707553428983133,1.0121284322742732,0.8252195877479644
-0.08893368489724114,0.005509588039575253,-0.0014255992821848884,0.5658028509579192,0.2950916540335109,0.2072274590442315,-1.568564121145595,-0.6760039879166359,-1.0555657250367967,0.8884159688850906,-1.6947734309567266,-1.6838181015522
-0.8204445578548297,-0.6912410708451441,-0.6966352182824938,-0.9908307475023088,-1.056543843657237,-0.9538825362584251,-1.568564121145595,-0.1220724458839618,-1.0555657250367967,-1.5822265350620184,-0.5533087898352207,-1.4908152023752643
-0.8204445578548297,-1.7656013525520013,-1.7686192811466064,-1.5898294606352887,-1.056543843657237,-0.5889622520204473,-1.568564121145595,-1.411552428976416,-1.0555657250367967,-1.5822265350620184,-1.8904530837204134,0.8252195877479644
-0.08893368489724114,1.062816531941562,1.0535428435364658,0.3826694864331865,0.2950916540335109,0.46314558045787824,-0.2851435302537876,1.5124796453599945,0.7736638993593138,0.8884159688850906,0.16418327029829738,-0.4292992569021178
0.6425771880603474,0.7217497758441468,0.7132304426272236,0.11559999650128462,0.2950916540335109,-0.020255315545676722,-0.2851435302537876,1.1946500720625586,0.7736638993593138,-0.34690528308846397,0.9142886058924299,0.6804674133652626
-0.8204445578548297,0.24425631730776579,0.2367930813542846,-0.258297289403378,0.2950916540335109,0.2451412548092162,0.35656676519211616,0.7496886694461482,-1.0555657250367967,-0.9645659090752412,-0.4554689634533773,0.5357152389825608
2.837109806933113,5.223830956330026,5.20535413462922,5.624862045953661,1.6467271517242588,1.5958202289367964,2.923407946975731,3.0289807522363317,2.6028935237554243,2.123737220858645,0.8164487795105865,0.5357152389825608
0.6425771880603474,0.2357296484053304,0.22828527133155355,0.8424105369588176,0.2950916540335109,0.2735766016329547,0.35656676519211616,-0.5761146934517274,0.7736638993593138,0.8884159688850906,0.19679654575891184,-0.38104853210788386
0.6425771880603474,0.32465062410215645,0.3170095758543202,-0.044641697457856504,0.2950916540335109,-0.09134368260502304,-0.2851435302537876,0.6452589525055621,0.7736638993593138,0.2707553428983133,1.1099682586561166,1.0182224869249001
-0.8204445578548297,-0.038341852030092397,-0.04518005082765888,-0.4795834382040967,-1.056543843657237,-0.5984407009616934,-1.568564121145595,0.48634416585684415,-1.0555657250367967,-0.9645659090752412,-0.4228556879927628,-1.2978123031983284
2.1055989339755246,1.2382222922202324,1.2285606497183617,0.5200195098267361,0.2950916540335109,1.0697663126976336,-0.2851435302537876,1.6759348544843902,0.7736638993593138,0.2707553428983133,1.1751948095773455,1.066473211719134
-0.08893368489724114,-1.158989764921599,-1.163349368100883,-1.3570974765517743,-2.408179341347985,-2.2571692656797744,-0.2851435302537876,-0.5579530035490168,-1.0555657250367967,-0.9645659090752412,0.6207691267468998,0.24621089021715725
-0.8204445578548297,-1.8801023349561337,-1.8828670157375664,-0.9297862926607313,0.2950916540335109,0.7048460284596557,-1.568564121145595,-2.4104453736255005,-1.0555657250367967,-0.9645659090752412,-0.6837618916776784,-1.6838181015522
-0.8204445578548297,-0.895881124503593,-0.900822658828039,-1.15107244146145,-1.056543843657237,-0.9301864139053097,-1.568564121145595,-0.31277018986242333,-1.0555657250367967,-0.9645659090752412,0.13156999483768292,-0.4775499816963517
-0.08893368489724114,-1.1200107070818943,-1.124456522282684,-1.3265752491309855,0.2950916540335109,0.2451412548092162,-1.568564121145595,-0.5216296237435956,-1.0555657250367967,-1.5822265350620184,-0.5533087898352207,-1.4908152023752643
0.6425771880603474,0.2832353751474704,0.2756859271724837,0.6840764822134757,0.2950916540335109,-0.21456351884122332,0.35656676519211616,-0.2991489224353904,0.7736638993593138,2.123737220858645,0.8816753304318155,0.6804674133652626
0.6425771880603474,2.1566663425682715,2.144973329309678,1.2754446384912586,1.6467271517242588,1.0650270882270105,-0.2851435302537876,2.4886704776306905,0.7736638993593138,0.2707553428983133,0.6207691267468998,0.2944616150113912
-0.8204445578548297,-0.6157191462807164,-0.621280329509733,-0.9316939318745305,0.2950916540335109,0.1313998675142621,0.35656676519211616,-0.05169589751095812,-1.0555657250367967,-0.34690528308846397,-0.19456275976846163,-0.960057229638691
-0.8204445578548297,-0.7216934597824133,-0.7270202540779619,-0.4891216342730932,-1.056543843657237,-0.7785312308453708,-0.2851435302537876,-0.7758932823815443,0.7736638993593138,0.2707553428983133,-0.7489884425989074,-1.6838181015522
-0.8204445578548297,-0.4330048126571012,-0.43897011473692477,-0.30598826974836046,-1.056543843657237,-0.43730706896050847,-0.2851435302537876,-0.45579349784626955,-1.0555657250367967,0.2707553428983133,-2.314425664708401,-1.6838181015522
0.6425771880603474,0.3660658730568426,0.3583332245361568,1.0789577994699306,0.2950916540335109,0.31149039739793943,0.35656676519211616,-0.6147082844949875,0.7736638993593138,0.2707553428983133,0.4903160249044419,0.2944616150113912
-0.8204445578548297,-1.0420525914024852,-1.0466708306462857,-1.2655307942894078,-1.056543843657237,-0.6553113946091705,-0.2851435302537876,-0.44898286413275307,-1.0555657250367967,-0.9645659090752412,0.03373016845583956,-0.6223021560790535
-0.08893368489724114,0.8131069426559544,0.8043855500136277,1.7542620811548826,-1.056543843657237,-0.6647898435504167,-0.2851435302537876,-0.5851955384030827,0.7736638993593138,2.123737220858645,-1.6947734309567266,0.24621089021715725
-0.08893368489724114,-0.722911555339904,-0.7282356555097805,-0.9030793436675411,0.2950916540335109,0.017658480219307982,-0.2851435302537876,-0.2855276550083574,-1.0555657250367967,-0.34690528308846397,-0.2597893106896905,-1.0565586792271588
-0.8204445578548297,-0.418387665967212,-0.42438529755510007,-0.7771751555567874,-2.408179341347985,-2.2571692656797744,-1.568564121145595,0.13219121275398696,-1.0555657250367967,-0.34690528308846397,1.1751948095773455,1.066473211719134
0.6425771880603474,0.7899631270636298,0.781292922809072,0.169013894487665,1.6467271517242588,1.695343942819881,-0.2851435302537876,1.2582159867220457,0.7736638993593138,0.2707553428983133,1.1099682586561166,0.9699717621306662
-0.8204445578548297,-0.5328886483713442,-0.53863303214606,-0.8668341986053544,0.2950916540335109,0.18353133669111607,0.35656676519211616,0.02549128457556203,-1.0555657250367967,-0.34690528308846397,-0.19456275976846163,-0.960057229638691
-0.8204445578548297,0.23694774396282117,0.22950067276337227,-0.2640202070447759,0.2950916540335109,-0.2761734369593235,-0.2851435302537876,0.7428780357326317,-1.0555657250367967,-0.34690528308846397,0.09895671937706847,-0.4775499816963517
-1.5519554308124182,-1.04936116474743,-1.053963239237198,-1.2712537119308058,0.2950916540335109,0.2972727239860702,-1.568564121145595,-0.45579349784626955,-1.0555657250367967,-1.5822265350620184,-1.009894646283823,-1.6838181015522
0.6425771880603474,-1.0822497447996806,-1.0867790778963036,-0.7485605673497979,0.2950916540335109,0.47262402939912446,-0.2851435302537876,-1.1391270804357567,-1.0555657250367967,-0.34690528308846397,-1.140347748126281,1.066473211719134
1.374088061017936,2.0835806091188256,2.0720492434005546,2.4810726216124155,1.6467271517242588,2.7284948774157143,2.2816976515298273,0.9176843010462215,2.6028935237554243,2.7413978468454223,1.1425815341167311,1.066473211719134
1.374088061017936,0.7643831203563237,0.7557694927408788,0.169013894487665,0.2950916540335109,0.6242792124590633,0.9982770606380199,1.2105415507274304,0.7736638993593138,-0.9645659090752412,0.783835504049972,0.5357152389825608
-0.8204445578548297,0.3538849174819349,0.34617921021796955,-0.17245352478240955,0.2950916540335109,0.2451412548092162,0.9982770606380199,0.8518481751488954,0.7736638993593138,-0.34690528308846397,0.16418327029829738,0.9217210373364323
0.6425771880603474,0.8240698026733714,0.8153241628999962,0.1957208434808552,0.2950916540335109,-0.11977902942876158,-0.2851435302537876,1.2899989440517894,0.7736638993593138,-0.34690528308846397,0.9469018813530443,0.7769688629537305
1.374088061017936,1.2382222922202324,1.2285606497183617,0.5200195098267361,1.6467271517242588,1.368337454346888,0.9982770606380199,1.6759348544843902,0.7736638993593138,0.2707553428983133,1.0121284322742732,0.8252195877479644
-0.08893368489724114,-0.2442000012460322,-0.2505828928050229,0.6249396665856974,0.2950916540335109,0.1693136632792468,0.35656676519211616,-1.2117738400465994,0.7736638993593138,0.2707553428983133,0.16418327029829738,0.43921378939409295
-0.08893368489724114,-0.08219329209976005,-0.08893450237313286,0.28156460810182365,0.2950916540335109,0.12192141857301592,0.35656676519211616,-0.5011977226030461,0.7736638993593138,0.2707553428983133,0.9142886058924299,0.6804674133652626
0.6425771880603474,0.5560887800254024,0.5479358478998774,1.061789046545737,0.2950916540335109,0.6716714571652942,1.6399873560839235,-0.24012343025158087,0.7736638993593138,0.8884159688850906,1.077354983195502,0.9217210373364323
-0.8204445578548297,-1.043270686959976,-1.0478862320781044,-0.794343908480981,-1.056543843657237,-1.3093243715551568,-0.9268538256996913,-1.0119952511167825,-1.0555657250367967,-0.9645659090752412,-0.9772813708232085,-1.6838181015522
-2.2834663037700067,-1.930044252813255,-1.9326984744421338,-1.5230620881523134,-2.408179341347985,-2.2571692656797744,-1.568564121145595,-1.7974883394090169,-1.0555657250367967,-0.9645659090752412,-1.1729610235868952,0.8734703125421983
-0.08893368489724114,0.4440239887362517,0.436118916172555,0.11178471807368602,0.2950916540335109,-0.195606620958731,-0.2851435302537876,0.6815823323109833,0.7736638993593138,0.2707553428983133,0.26202309668014073,0.6322166885710286
2.1055989339755246,2.2736035160873853,2.261651866764275,1.347934928615632,1.6467271517242588,3.2687664670667465,0.9982770606380199,2.6203427294253427,0.7736638993593138,1.5060765948718677,1.20780808503796,1.162974661307602
-1.5519554308124182,-1.0566697380923744,-1.0612556478281103,-1.2769766295722038,-2.408179341347985,-2.2571692656797744,-1.568564121145595,-0.462604131559786,-1.0555657250367967,-0.9645659090752412,0.0011168929952251002,-0.6705528808732875
-0.8204445578548297,-1.1175745159669128,-1.1220257194190464,-1.3246676099171861,-2.408179341347985,-2.2571692656797744,-0.2851435302537876,-0.5193594125057567,-1.0555657250367967,-0.9645659090752412,0.4577027494438275,0.004957266245987597
-0.8204445578548297,-0.45005815046197195,-0.45598573478238685,-0.4662299637075016,0.2950916540335109,0.14087831645550827,-0.2851435302537876,-0.29687871119755155,-1.0555657250367967,-0.34690528308846397,-0.292402586150305,-0.23629635772518207
-0.08893368489724114,0.5804506911752177,0.5722438765362519,0.22242779247404537,0.2950916540335109,-0.2761734369593235,-0.2851435302537876,0.80417373915428,-1.0555657250367967,0.2707553428983133,-0.5859220652958351,-1.5390659271694982
-0.08893368489724114,0.22233059727293195,0.2149158555815476,-0.2754660423275717,-1.056543843657237,-0.8733157202578326,-0.9268538256996913,0.7292567683055987,-1.0555657250367967,0.2707553428983133,-0.35762913707153393,-1.2013108536098607
-0.08893368489724114,1.2564937255825939,1.2467916711956424,1.0408050151939447,0.2950916540335109,0.11244296963176974,0.9982770606380199,1.0902203551219725,0.7736638993593138,0.2707553428983133,0.2294098212195263,0.14970944062868938
-0.8204445578548297,-0.48051053939924115,-0.48637077057785494,0.022125675025118967,0.2950916540335109,0.9939387211676641,-0.2851435302537876,-0.9348080690302623,0.7736638993593138,0.8884159688850906,-2.1839725628659434,0.8252195877479644
0.6425771880603474,0.6340468957048115,0.6257215395362756,0.04692498480450986,1.6467271517242588,1.4489042703474806,-0.2851435302537876,1.1129224675003606,0.7736638993593138,0.2707553428983133,1.1099682586561166,1.0182224869249001
-0.8204445578548297,-0.8934449333886115,-0.8983918559644016,-1.1491648022476506,-1.056543843657237,-0.22404196778246951,-0.9268538256996913,-0.3104999786245845,-1.0555657250367967,-0.9645659090752412,-0.19456275976846163,-0.960057229638691
0.6425771880603474,0.29785252183735955,0.2902707443543084,-0.21632922669979343,0.2950916540335109,0.08400762280803122,-0.2851435302537876,0.7996333166786024,0.7736638993593138,-0.34690528308846397,1.077354983195502,0.9217210373364323
-2.2834663037700067,-0.6790601152702364,-0.06098026944130226,-0.0026736347542719225,-2.408179341347985,-2.2571692656797744,-1.568564121145595,-0.11072138969476765,-1.0555657250367967,-0.34690528308846397,-1.8252265327991843,-0.1397949081367142
-0.8204445578548297,0.9190812561576512,0.9101254745818566,0.3521472590123977,0.2950916540335109,0.5294947230466015,-0.2851435302537876,1.280918099100434,0.7736638993593138,0.8884159688850906,-0.39024241253214836,0.9699717621306662
1.374088061017936,1.0262736652168387,1.017080800581904,0.3616854550813942,1.6467271517242588,2.0460465536459895,-0.2851435302537876,1.4693456318410567,0.7736638993593138,0.2707553428983133,1.1425815341167311,1.0182224869249001
-0.8204445578548297,-0.2405457145735599,-0.2469366885095667,0.4246375491367711,-1.056543843657237,-1.119755392730233,-1.568564121145595,-0.9665910263600058,-1.0555657250367967,0.8884159688850906,-2.9666911739206903,0.2944616150113912
-0.08893368489724114,-0.8642106400088331,-0.8692222216007524,-0.6703473595840266,0.2950916540335109,0.7001068039890327,-1.568564121145595,-0.8258379296139985,-1.0555657250367967,-1.5822265350620184,-1.1077344726656664,0.7287181381594966
1.374088061017936,0.9239536383876144,0.9149870803091315,0.7794584429034407,0.2950916540335109,0.1313998675142621,0.35656676519211616,0.7814716267758918,0.7736638993593138,0.2707553428983133,0.9469018813530443,0.7287181381594966
-1.5519554308124182,-1.0566697380923744,-1.0612556478281103,-1.2769766295722038,-1.056543843657237,0.984460272226418,-1.568564121145595,-0.462604131559786,-1.0555657250367967,-1.5822265350620184,0.0011168929952251002,-0.6705528808732875
1.374088061017936,0.5049287666107901,0.49688898776349105,0.7470285762688527,0.2950916540335109,0.989199496697041,0.35656676519211616,0.039112552002595,0.7736638993593138,0.8884159688850906,1.1425815341167311,1.0182224869249001
0.6425771880603474,-0.2746523901833014,-0.2809679286004909,0.44752921970236265,0.2950916540335109,0.47262402939912446,0.35656676519211616,-1.057399475873559,-1.0555657250367967,0.8884159688850906,-1.662160155496112,-1.6838181015522
-0.8204445578548297,1.062816531941562,1.0535428435364658,0.3826694864331865,0.2950916540335109,0.47262402939912446,-0.2851435302537876,1.5124796453599945,0.7736638993593138,2.123737220858645,-0.19456275976846163,-0.960057229638691
0.6425771880603474,-0.2356733323435968,-0.2420750827822918,0.188090286625658,0.2950916540335109,-0.010776866604430547,1.6399873560839235,-0.6760039879166359,0.7736638993593138,-0.34690528308846397,1.0447417077348877,0.9217210373364323
0.6425771880603474,-0.5280162661413811,-0.533771426418785,-0.05990281116825089,0.2950916540335109,-0.2382596411943388,1.6399873560839235,-0.925727224078907,0.7736638993593138,0.2707553428983133,1.1425815341167311,1.0182224869249001
-0.08893368489724114,-1.2491288361759159,-1.2532890740554685,-1.4066960961105561,-1.056543843657237,-1.4988933503800803,-1.568564121145595,-0.6669231429652805,-1.0555657250367967,-1.5822265350620184,-1.3360274008899675,-1.6838181015522
0.6425771880603474,0.17604296608828277,0.16873060117243618,0.7775508036896414,0.2950916540335109,0.34940419316292415,0.35656676519211616,-0.6101678620193098,0.7736638993593138,0.2707553428983133,0.16418327029829738,-0.4292992569021178
0.6425771880603474,0.22354869283042272,0.21613125701336633,0.8328723408898211,0.2950916540335109,0.03187615363117725,0.35656676519211616,-0.5874657496409216,0.7736638993593138,0.8884159688850906,0.16418327029829738,-0.4292992569021178
1.374088061017936,-0.40133432816234127,-0.407369677509638,0.26439585517763,-1.056543843657237,-1.1766260863777103,-1.568564121145595,-1.0755611657762696,-1.0555657250367967,0.2707553428983133,-1.4990937781930398,0.5357152389825608
-0.8204445578548297,-0.7472734664897194,-0.752543684146155,-1.0347064494196927,-1.056543843657237,-0.7027036393154014,-0.2851435302537876,-0.17428730435425485,0.7736638993593138,-0.34690528308846397,0.19679654575891184,-0.38104853210788386
0.6425771880603474,0.16142581939839357,0.15414578399061152,-0.3231570226725542,0.2950916540335109,0.036615378101800336,0.9982770606380199,0.672501487359628,0.7736638993593138,-0.34690528308846397,1.077354983195502,0.9217210373364323
-0.08893368489724114,-1.0810316492421899,-1.0855636764644847,-1.2960530217101967,0.2950916540335109,-0.2666949880180773,-0.2851435302537876,-0.4853062439381743,-1.0555657250367967,-2.1998871610487956,1.077354983195502,0.9217210373364323
1.374088061017936,0.5743602133877639,0.5661668693771582,0.8443181761726168,1.6467271517242588,1.311466760699411,0.35656676519211616,0.052733819429627966,0.7736638993593138,0.8884159688850906,1.1425815341167311,1.0182224869249001
1.374088061017936,1.8375253065056902,1.826538154173173,0.9892987564213636,1.6467271517242588,1.695343942819881,0.35656676519211616,2.234406818992742,0.7736638993593138,0.2707553428983133,1.20780808503796,1.1147239365133679
0.6425771880603474,0.33317729300459187,0.3255173858770513,0.6440160587236905,1.6467271517242588,1.7190400651729967,1.6399873560839235,-0.15839582568938304,0.7736638993593138,0.2707553428983133,0.9469018813530443,0.7287181381594966
-0.08893368489724114,0.4805668554609748,0.4725809591271166,1.157171007235702,0.2950916540335109,-0.16717127413499244,-0.2851435302537876,-0.4943870888895296,0.7736638993593138,2.123737220858645,-1.79261325733857,0.43921378939409295
0.6425771880603474,1.7169338463141042,1.7062134124231194,2.133882284700943,1.6467271517242588,0.8517619870489714,1.6399873560839235,0.647529163743401,0.7736638993593138,1.5060765948718677,0.7186089531287432,0.390963064599859
-0.08893368489724114,-0.5304524572563627,-0.5362022292824226,-0.5558890067560687,0.2950916540335109,2.117134920705336,-0.2851435302537876,-0.3400127247164893,-1.0555657250367967,-0.34690528308846397,-0.4554689634533773,0.5357152389825608
-0.8204445578548297,-0.995764960217836,-1.0004855762371743,-1.1930405041650345,0.2950916540335109,0.036615378101800336,-0.2851435302537876,-0.44898286413275307,-1.0555657250367967,-0.9645659090752412,0.3924761985225986,-0.09154418334248027
-0.8204445578548297,-0.9251154178833715,-0.9299922931916884,-1.1739641120270417,-1.056543843657237,-0.5889622520204473,-0.2851435302537876,-0.3400127247164893,-1.0555657250367967,-1.5822265350620184,-0.292402586150305,-1.1048094040213927
-0.08893368489724114,0.1857877305482089,0.17845381262698595,0.24531946303963695,0.2950916540335109,0.2451412548092162,-0.2851435302537876,0.04138276324043383,-1.0555657250367967,0.2707553428983133,-0.35762913707153393,-1.2013108536098607
-0.08893368489724114,0.19553249500813505,0.18817702408153572,-0.277373681541371,0.2950916540335109,1.9323051663510356,-0.2851435302537876,0.6815823323109833,-1.0555657250367967,-0.34690528308846397,-0.292402586150305,-1.1048094040213927
-0.8204445578548297,-0.686368688615181,-0.691773612555219,0.9397001368625818,0.2950916540335109,0.7285421508127712,-0.2851435302537876,-2.4104453736255005,0.7736638993593138,2.123737220858645,0.19679654575891184,-0.38104853210788386
-0.08893368489724114,-0.6352086752005687,-0.6407267524188326,-0.9068946220951397,0.2950916540335109,-0.17191049860561555,-0.2851435302537876,-0.11753202340828414,-1.0555657250367967,-0.34690528308846397,0.0011168929952251002,-0.6705528808732875
1.374088061017936,1.5415280860354337,1.5311956062412233,1.9145037751140237,1.6467271517242588,1.306727536228788,0.35656676519211616,0.581693037846075,0.7736638993593138,1.5060765948718677,0.783835504049972,0.48746451418832687
1.374088061017936,0.33195919744710106,0.32430198444523256,0.6192167489442996,1.6467271517242588,0.8707188849314639,0.35656676519211616,-0.1311532908353171,0.7736638993593138,0.2707553428983133,0.9142886058924299,0.7287181381594966
1.374088061017936,0.8971555361228174,0.8882482488091196,0.2529500198948342,0.2950916540335109,0.11244296963176974,0.9982770606380199,1.358105281186954,0.7736638993593138,0.8884159688850906,1.1425815341167311,1.0182224869249001
2.1055989339755246,1.0031298496245142,0.9939881733773483,0.3464243413709998,0.2950916540335109,0.14087831645550827,0.9982770606380199,1.4443733082248296,0.7736638993593138,-0.9645659090752412,0.9142886058924299,0.7287181381594966
-0.08893368489724114,-0.9251154178833715,-0.9299922931916884,-1.1739641120270417,-1.056543843657237,-0.8922726181403249,0.35656676519211616,-0.3400127247164893,-1.0555657250367967,-0.9645659090752412,-0.32501586161091944,0.5357152389825608
-0.08893368489724114,0.1321915260186151,0.12497614962696219,0.45134449812996125,0.2950916540335109,-0.0297337644869229,1.6399873560839235,-0.303689344911068,0.7736638993593138,0.2707553428983133,0.8490620549712009,0.5839659637767948
-0.08893368489724114,-0.5669953239810857,-0.5726642722369841,-0.2525743717619801,0.2950916540335109,0.09822529621990048,-0.2851435302537876,-0.7690826486680278,-1.0555657250367967,-0.34690528308846397,0.03373016845583956,-0.6223021560790535
-0.8204445578548297,-0.6132829551657348,-0.6188495266460956,-0.9297862926607313,-1.056543843657237,-0.7974881287278631,0.35656676519211616,-0.049425686273119294,-1.0555657250367967,-0.9645659090752412,-0.2597893106896905,-1.0565586792271588
2.837109806933113,2.6804474322893017,2.6675959449917284,1.649341924395921,1.6467271517242588,2.330400021883375,-0.2851435302537876,3.019899907284976,0.7736638993593138,0.8884159688850906,1.0447417077348877,0.8734703125421983
-0.08893368489724114,-0.4598029149218981,-0.46570894623693665,-0.8096050221913754,0.2950916540335109,-0.17191049860561555,-1.568564121145595,0.09359762171072687,-1.0555657250367967,-0.9645659090752412,-1.4990937781930398,-0.23629635772518207
1.374088061017936,0.6437916601647377,0.6354447509908254,1.0503432112629412,1.6467271517242588,1.7048223917611274,1.6399873560839235,-0.06304695370015226,0.7736638993593138,0.8884159688850906,1.1751948095773455,1.1147239365133679
-0.8204445578548297,-1.2917621806880926,-1.2958281241691236,-1.381896786331165,0.2950916540335109,-0.5510484562554626,-1.568564121145595,-0.7758932823815443,-1.0555657250367967,-0.9645659090752412,-0.9772813708232085,-1.6838181015522
-0.08893368489724114,-0.41351528373724894,-0.41952369182782523,-0.7161307007152098,-1.056543843657237,-0.8354019244928479,-0.9268538256996913,0.06862529809449977,-1.0555657250367967,-0.34690528308846397,-0.6837618916776784,0.9217210373364323
0.6425771880603474,-0.4354410037720828,-0.4414009176005622,-0.6760702772254245,0.2950916540335109,0.2451412548092162,0.9982770606380199,-0.01991294018121453,0.7736638993593138,-0.34690528308846397,0.09895671937706847,-0.5258007064905856
-1.5519554308124182,-1.8167613659666138,-1.8196661412829929,-0.8305890535431677,-2.408179341347985,-2.2571692656797744,-0.2851435302537876,-2.4104453736255005,0.7736638993593138,0.2707553428983133,-1.3360274008899675,-1.6838181015522
-0.8204445578548297,-0.06392185873739852,-0.07070348089585203,0.48949728240594725,-1.056543843657237,-1.4041088609676184,-0.9268538256996913,-0.714597578959896,-1.0555657250367967,1.5060765948718677,-1.8578398082597989,-1.6838181015522
0.6425771880603474,-0.11386377659452,-0.12053493960041964,0.7489362154826519,0.2950916540335109,0.0508330515136696,0.9982770606380199,-1.1164249680573686,2.6028935237554243,0.8884159688850906,-0.09672293338661826,0.3427123398056251
0.6425771880603474,0.9215174472726327,0.912556277445494,0.2720264120328271,1.6467271517242588,1.0128956190501566,-0.2851435302537876,1.3808073935653424,0.7736638993593138,0.2707553428983133,1.1425815341167311,1.0182224869249001
0.6425771880603474,-1.0237811580401237,-0.9312076946235072,-0.5806883165354596,0.2950916540335109,0.017658480219307982,0.35656676519211616,-1.0483186309222037,0.7736638993593138,-1.5822265350620184,1.1099682586561166,0.9699717621306662
0.6425771880603474,0.8752298160879836,0.8663710230363825,0.5219271490405353,0.2950916540335109,0.036615378101800336,0.9982770606380199,0.9971416943705804,0.7736638993593138,-0.34690528308846397,-0.39024241253214836,0.5839659637767948
-0.8204445578548297,0.8874107716628913,0.8785250373545698,0.24531946303963695,0.2950916540335109,0.14087831645550827,-0.2851435302537876,1.3490244362355988,0.7736638993593138,0.8884159688850906,0.06634344391645401,-0.5740514312848196
0.6425771880603474,-0.13457140107186308,-0.1411967639413379,0.3616854550813942,1.6467271517242588,0.7854128444602483,-0.2851435302537876,-0.6941656778193465,-1.0555657250367967,0.2707553428983133,-1.8252265327991843,-0.7188036056675213
2.1055989339755246,1.7157157507566134,1.7049980109913005,2.044223241652376,1.6467271517242588,1.4346865969356113,0.35656676519211616,0.751958880683987,0.7736638993593138,2.123737220858645,0.9142886058924299,0.6804674133652626
-0.8204445578548297,-0.2575990523784306,-0.2639523085550288,0.22242779247404537,-1.056543843657237,-0.7785312308453708,-0.9268538256996913,-0.7577315924788337,-1.0555657250367967,0.2707553428983133,-0.9446680953625941,0.48746451418832687
1.374088061017936,1.2430946744501956,1.2334222554456364,1.7943225046446678,1.6467271517242588,1.8754344727035586,1.6399873560839235,0.1685145925594082,0.7736638993593138,2.123737220858645,1.077354983195502,0.9217210373364323
-0.8204445578548297,-0.518271501681455,-0.5240482149642353,-0.315526465817357,0.2950916540335109,0.017658480219307982,0.35656676519211616,-0.6033572283057933,-1.0555657250367967,-0.9645659090752412,0.7186089531287432,0.48746451418832687
1.374088061017936,0.45864113542614093,0.45070373335437963,-0.08279448173384249,0.2950916540335109,-0.020255315545676722,-0.2851435302537876,0.9403864134246097,0.7736638993593138,-0.34690528308846397,1.1425815341167311,1.0182224869249001
-0.8204445578548297,-0.6327724840855872,-0.6382959495551952,-0.6245640184528435,0.2950916540335109,1.9323051663510356,0.35656676519211616,-0.44898286413275307,-1.0555657250367967,-0.34690528308846397,-0.19456275976846163,0.6322166885710286
-0.08893368489724114,-0.20643903896381838,-0.2129054484186425,-0.33841813638294854,0.2950916540335109,0.008180031278061805,-0.2851435302537876,0.0050593834350125795,0.7736638993593138,0.2707553428983133,0.09895671937706847,-0.5258007064905856
-1.5519554308124182,-1.7436756325171676,-1.7467420553738695,-0.7161307007152098,-2.408179341347985,-2.2571692656797744,-0.2851435302537876,-2.4104453736255005,0.7736638993593138,-0.34690528308846397,-0.5206955143746061,-1.4425644775810302
0.6425771880603474,0.9093364916977251,0.9004022631273068,0.29110280417082013,0.2950916540335109,0.505798600693486,0.9982770606380199,1.335403168808566,0.7736638993593138,0.2707553428983133,0.8816753304318155,0.6804674133652626
-0.8204445578548297,-0.7350925109148116,-0.7403896698279678,-0.16673060714101165,-1.056543843657237,-0.5889622520204473,-1.568564121145595,-1.1845313051925332,-1.0555657250367967,-0.34690528308846397,-2.314425664708401,-1.6838181015522
-0.8204445578548297,-0.18938570115894762,-0.1958898283731804,-0.5978570694596532,-1.056543843657237,-0.7500958840216323,-0.2851435302537876,0.3455910691108368,0.7736638993593138,-0.9645659090752412,-0.1293362088472327,-0.8635557800502232
-0.08893368489724114,-0.4622391060368797,-0.4681397491005741,-0.09233267780283898,0.2950916540335109,-0.006037642133807459,0.35656676519211616,-0.7645422261923501,0.7736638993593138,-0.34690528308846397,0.16418327029829738,0.9699717621306662
1.374088061017936,0.13462771713359667,0.12740695249059963,0.5219271490405353,1.6467271517242588,1.5342103108186962,0.35656676519211616,-0.38314673823542705,0.7736638993593138,0.8884159688850906,1.1099682586561166,0.9699717621306662
-0.08893368489724114,-0.3879352770299428,-0.39400026175963204,-0.0637180895958495,-1.056543843657237,-1.2477144534370566,-1.568564121145595,-0.660112509251764,-1.0555657250367967,0.2707553428983133,-0.9446680953625941,-1.6838181015522
0.6425771880603474,1.486713785948349,1.476502541809381,1.5291606539265652,0.2950916540335109,0.178792112220493,1.6399873560839235,0.9381162021867709,0.7736638993593138,2.123737220858645,0.6207691267468998,0.24621089021715725
1.374088061017936,0.7217497758441468,0.7132304426272236,0.11559999650128462,1.6467271517242588,1.6526909225842734,-0.2851435302537876,1.1946500720625586,0.7736638993593138,0.2707553428983133,1.1425815341167311,1.0182224869249001
-0.08893368489724114,-0.8946630289461023,-0.8996072573962204,-0.6360098537356392,0.2950916540335109,0.2972727239860702,-0.9268538256996913,-0.9234570128410681,-1.0555657250367967,-0.34690528308846397,-0.39024241253214836,-1.2495615784040945
-0.08893368489724114,0.4744763776735209,0.466503951968023,-0.0637180895958495,0.2950916540335109,0.47262402939912446,0.9982770606380199,0.9471970471381262,0.7736638993593138,-0.34690528308846397,0.8490620549712009,0.5839659637767948
1.374088061017936,3.273659968787306,3.2594964422874457,3.263204699270128,1.6467271517242588,0.8991542317552024,1.6399873560839235,2.204894072900837,0.7736638993593138,1.5060765948718677,0.783835504049972,0.5357152389825608
-0.8204445578548297,-0.9738392401830022,-0.9786083504644373,-1.170148833599443,0.2950916540335109,0.47262402939912446,-1.568564121145595,-0.43536159670572006,-1.0555657250367967,-0.9645659090752412,0.8164487795105865,0.5357152389825608
0.6425771880603474,-0.2612533390509029,-0.26759851285048497,0.21670487483264747,0.2950916540335109,0.3304472952804318,-0.2851435302537876,-0.7577315924788337,-1.0555657250367967,-0.34690528308846397,-1.4990937781930398,0.24621089021715725
-0.8204445578548297,0.08224960816149364,0.07514469092239459,0.08698540829429513,0.2950916540335109,-0.5510484562554626,-0.2851435302537876,0.03684234076475617,0.7736638993593138,0.8884159688850906,-1.3360274008899675,0.3427123398056251
0.6425771880603474,0.31734205075721184,0.3097171672634079,-0.10568615229943408,0.2950916540335109,0.5294947230466015,0.9982770606380199,0.7042844446893717,0.7736638993593138,-0.34690528308846397,0.2946363721407552,-0.23629635772518207
-0.08893368489724114,0.1821334438757366,0.17480760833152978,0.4246375491367711,-1.056543843657237,-0.25247731460620804,0.9982770606380199,-0.1788277268299325,0.7736638993593138,0.2707553428983133,-1.009894646283823,0.004957266245987597
1.374088061017936,0.06154198368415058,0.054482866581476316,0.45897505498515845,0.2950916540335109,0.4821024783403706,0.35656676519211616,-0.44444244165707536,0.7736638993593138,0.2707553428983133,1.1751948095773455,1.066473211719134
-0.08893368489724114,-0.23323714122861527,-0.23964427991865436,-0.6321945753080406,-1.056543843657237,-0.8496195979047172,-0.2851435302537876,0.3047272668297379,-1.0555657250367967,-0.34690528308846397,-0.4880822389139917,-1.3943137527867964
-1.5519554308124182,-1.7753461170119276,-1.7783424926011562,-0.7657293202739915,0.2950916540335109,0.2072274590442315,-0.2851435302537876,-2.4104453736255005,0.7736638993593138,-0.9645659090752412,-0.716375167138293,0.8734703125421983
-1.5519554308124182,-2.1176309686668335,-2.119870294942217,-1.3017759393515946,-1.056543843657237,-0.8827941691990787,-1.568564121145595,-2.4104453736255005,-1.0555657250367967,-0.9645659090752412,-0.4554689634533773,-1.3460630279925625
-0.8204445578548297,0.2052772594680612,0.1979002355360855,0.8405028977450183,0.2950916540335109,0.2546197037504624,0.9982770606380199,-0.6305997631598593,0.7736638993593138,0.2707553428983133,-0.06410965792600382,-0.7670543304617553
-0.8204445578548297,-0.7046401219775424,-0.7100046340324997,-0.5845035949630581,-1.056543843657237,-0.39939327319552376,-0.2851435302537876,-0.6305997631598593,-1.0555657250367967,0.2707553428983133,-1.5317070536536543,-1.6838181015522
-0.08893368489724114,-0.6473896307754764,-0.6528807667370198,-0.3040806305345612,-1.056543843657237,-1.2334967800251873,-1.568564121145595,-0.8576208869437421,-1.0555657250367967,0.2707553428983133,-1.9882929101022566,0.390963064599859
-0.08893368489724114,-1.3563212452351034,-1.3602444000555158,-1.030891170992094,-1.056543843657237,-0.9301864139053097,-0.9268538256996913,-1.3139333457493465,-1.0555657250367967,-0.9645659090752412,-0.031496382465389355,-0.7188036056675213
0.6425771880603474,-0.281960963528246,-0.28826033719140326,-0.16291532871341305,0.2950916540335109,1.1503331286982261,0.9982770606380199,-0.34455314719216695,0.7736638993593138,-0.34690528308846397,0.6207691267468998,0.2944616150113912
-1.5519554308124182,-0.6425172485455133,-0.6480191610097449,-0.5864112341768575,0.2950916540335109,-0.3804363753130314,-1.568564121145595,-0.5125487787922403,-1.0555657250367967,-0.34690528308846397,-0.651148616217064,-1.635567376757966
0.6425771880603474,0.5073649577257716,0.4993197906271285,-0.0522722543130537,0.2950916540335109,0.4441886825753859,-0.2851435302537876,0.9948714831327417,0.7736638993593138,-0.34690528308846397,1.077354983195502,0.9217210373364323
1.374088061017936,1.4014470969239954,1.3914244415820705,1.7599849987962803,1.6467271517242588,2.809061693416307,1.6399873560839235,0.5045058557595548,0.7736638993593138,0.2707553428983133,0.8816753304318155,0.6322166885710286
0.6425771880603474,1.9130472310701179,1.9018930429459335,1.2964286698430507,0.2950916540335109,0.47262402939912446,0.9982770606380199,2.0096559064466977,0.7736638993593138,0.2707553428983133,-0.031496382465389355,0.19796016542292333
0.6425771880603474,-0.22958285455614297,-0.23599807562319822,-0.6093029047424491,0.2950916540335109,0.7380205997540173,0.9982770606380199,0.28429536568918845,0.7736638993593138,-0.34690528308846397,1.1425815341167311,1.0182224869249001
-0.8204445578548297,0.31856014631470264,0.3109325686952266,0.5104813137577395,-1.056543843657237,-0.5889622520204473,-0.2851435302537876,-0.026723573894731015,0.7736638993593138,0.2707553428983133,-0.5533087898352207,-1.4908152023752643
-1.5519554308124182,0.3611934908268795,0.3534716188088819,-0.16673060714101165,-2.408179341347985,-2.2571692656797744,2.2816976515298273,0.858658808862412,0.7736638993593138,0.8884159688850906,0.19679654575891184,-0.38104853210788386
-0.08893368489724114,-0.1942580833889107,-0.20075143410045526,-0.6016723478872519,0.2950916540335109,-0.07712600919315378,-0.2851435302537876,0.34105064663515916,0.7736638993593138,-0.34690528308846397,1.2404213604985743,1.162974661307602
0.6425771880603474,-1.0968668914895698,-1.1013638950781282,-0.794343908480981,-1.056543843657237,-0.8922726181403249,-1.568564121145595,-1.1118845455816908,-1.0555657250367967,-0.9645659090752412,-1.4664805027324255,-1.6838181015522
1.374088061017936,1.55127285049536,1.540918817695773,2.2655093904530945,0.2950916540335109,1.6811262694080118,2.2816976515298273,0.18213585998644116,2.6028935237554243,2.7413978468454223,0.16418327029829738,0.5357152389825608
0.6425771880603474,0.02499911695942754,0.01802082362691466,0.3750389295779893,0.2950916540335109,0.24040203033859311,0.35656676519211616,-0.4126594843273318,0.7736638993593138,0.8884159688850906,0.8816753304318155,0.6804674133652626
-0.08893368489724114,0.08834008594894747,0.0812216980814882,-0.38038619908653315,0.2950916540335109,0.2451412548092162,0.35656676519211616,0.6043951502244632,-1.0555657250367967,-0.34690528308846397,-0.2597893106896905,-1.0565586792271588
-0.8204445578548297,-0.5840486617859565,-0.5896798922824463,-0.9068946220951397,-1.056543843657237,-0.8922726181403249,0.35656676519211616,-0.02218315141905336,-1.0555657250367967,-0.9645659090752412,-0.09672293338661826,-0.8153050552559892
1.374088061017936,1.3661223257567632,1.3561778000593274,1.6970329047409036,0.2950916540335109,-0.0676475602519076,0.35656676519211616,0.5135867007109101,0.7736638993593138,1.5060765948718677,0.6533824022075142,0.3427123398056251
-1.5519554308124182,-0.8374125377440362,-0.8424833901007405,-1.1052891003302667,-1.056543843657237,-0.9301864139053097,-0.2851435302537876,-0.2582851201542915,-1.0555657250367967,-0.9645659090752412,-0.5533087898352207,-1.4908152023752643
0.6425771880603474,0.19918678168060736,0.1918232283769919,0.9377924976487826,0.2950916540335109,0.26409815269170855,-1.568564121145595,-0.7577315924788337,-1.0555657250367967,0.8884159688850906,-1.9882929101022566,0.390963064599859
-1.5519554308124182,-1.552434629991117,-1.5559240305783302,-1.2559925982204114,-2.408179341347985,-2.2571692656797744,-1.568564121145595,-1.411552428976416,-1.0555657250367967,-1.5822265350620184,-1.5643203291142687,-1.2978123031983284
1.374088061017936,0.6389192779347747,0.6305831452635505,0.05074026323210845,0.2950916540335109,0.7143244774009019,-0.2851435302537876,1.1174628899760384,0.7736638993593138,-0.34690528308846397,1.1425815341167311,1.0182224869249001
-0.08893368489724114,0.5853230734051809,0.5771054822635268,1.1152029445321174,0.2950916540335109,0.47262402939912446,0.35656676519211616,-0.24920427520293617,0.7736638993593138,1.5060765948718677,-0.06410965792600382,-0.7670543304617553
-0.8204445578548297,-0.42813243042713817,-0.43410850900964987,-0.21251394827219483,0.2950916540335109,0.47262402939912446,-0.2851435302537876,-0.5579530035490168,0.7736638993593138,0.2707553428983133,-1.7273867064173412,1.066473211719134
-0.08893368489724114,-0.18451331892898457,-0.1910282226459055,0.1251381925702811,0.2950916540335109,-0.37095792637178526,1.6399873560839235,-0.5057381450787237,0.7736638993593138,0.8884159688850906,1.077354983195502,0.9217210373364323
-0.08893368489724114,-0.050522807605000074,-0.057334065145846096,-0.2792813207551703,0.2950916540335109,0.9465464764614332,0.35656676519211616,0.22526987350537891,-1.0555657250367967,-0.9645659090752412,0.03373016845583956,1.0182224869249001
-0.08893368489724114,0.35144872636695335,0.3437484073543321,0.1995361219084538,-1.056543843657237,-0.6553113946091705,0.9982770606380199,0.40461656129464635,0.7736638993593138,-0.34690528308846397,-0.4228556879927628,0.14970944062868938
-0.8204445578548297,-0.8642106400088331,-0.8692222216007524,-1.093843265047471,-1.056543843657237,-1.119755392730233,-1.568564121145595,-0.3218510348137787,-1.0555657250367967,-0.9645659090752412,-1.0751211972050518,-1.6838181015522
0.6425771880603474,-0.8057420532492763,-0.8108829528734537,0.7527514939102505,0.2950916540335109,0.9275895785789409,0.9982770606380199,-2.4104453736255005,2.6028935237554243,0.2707553428983133,1.0447417077348877,0.8734703125421983
-0.8204445578548297,-0.759454422064627,-0.7646976984643422,-1.0442446454886893,0.2950916540335109,0.036615378101800336,-1.568564121145595,-0.18563836054344898,-1.0555657250367967,-0.34690528308846397,0.19679654575891184,-0.38104853210788386
0.6425771880603474,0.14924486382348587,0.1419917696724243,0.49331256083354585,0.2950916540335109,0.6242792124590633,1.6399873560839235,-0.3218510348137787,0.7736638993593138,-0.34690528308846397,0.9795151568136587,0.8252195877479644
1.374088061017936,0.9702412695722635,0.9611723347182428,0.31780975316401033,0.2950916540335109,0.7569774976365097,0.9982770606380199,1.4171307733707637,0.7736638993593138,0.2707553428983133,1.077354983195502,0.9699717621306662
-0.08893368489724114,-0.7789439509844793,-0.7841441213734418,-1.0595057591990835,-1.056543843657237,-1.119755392730233,-0.2851435302537876,-0.20380005044615962,-1.0555657250367967,-0.9645659090752412,-0.7489884425989074,0.8252195877479644
-0.8204445578548297,0.05057912366673367,0.043544253695107824,-0.17245352478240955,0.2950916540335109,0.47262402939912446,0.35656676519211616,0.2865655769270273,-1.0555657250367967,-0.34690528308846397,-0.4880822389139917,0.10145871583445545
1.374088061017936,0.8947193450078359,0.8858174459454821,1.4032564658158115,0.2950916540335109,2.0318288802341202,0.35656676519211616,-0.015372517705536874,0.7736638993593138,0.2707553428983133,0.9795151568136587,0.8252195877479644
0.6425771880603474,-0.3891533725874336,-0.3952156631914508,0.3769465687917886,0.2950916540335109,0.34940419316292415,0.35656676519211616,-1.1868015164303722,0.7736638993593138,-0.34690528308846397,0.26202309668014073,-0.28454708251941596
-0.8204445578548297,-0.3379933591728213,-0.3441688030550645,-0.5558890067560687,-1.056543843657237,-0.13873592731125392,-0.9268538256996913,0.01868065086204555,-1.0555657250367967,-0.34690528308846397,-0.4554689634533773,0.5357152389825608
-0.8204445578548297,-0.6132829551657348,-0.6188495266460956,-0.9297862926607313,-1.056543843657237,-0.9017510670815712,-1.568564121145595,-0.049425686273119294,-1.0555657250367967,-0.34690528308846397,-0.39024241253214836,-1.2495615784040945
1.374088061017936,1.004347945182005,0.995203574809167,0.33688614530200334,1.6467271517242588,1.4015120256412497,0.9982770606380199,1.4579945756518626,0.7736638993593138,0.2707553428983133,1.1751948095773455,1.1147239365133679
-0.08893368489724114,0.16142581939839357,0.15414578399061152,-0.00839655239566982,0.2950916540335109,0.008180031278061805,0.35656676519211616,0.2979166331162214,0.7736638993593138,0.2707553428983133,0.16418327029829738,-0.4292992569021178
1.374088061017936,0.4805668554609748,0.4725809591271166,-0.07325628566484599,0.2950916540335109,1.420468923523742,-0.2851435302537876,0.9698991595165145,0.7736638993593138,0.2707553428983133,1.1425815341167311,1.0182224869249001
0.6425771880603474,0.4525506576386871,0.44462672619528604,0.07935485143909794,1.6467271517242588,0.8707188849314639,0.35656676519211616,0.7360674020191152,0.7736638993593138,0.2707553428983133,1.1751948095773455,1.066473211719134
0.6425771880603474,-0.1942580833889107,-0.20075143410045526,-0.6016723478872519,0.2950916540335109,0.45840635598725515,-0.2851435302537876,0.34105064663515916,0.7736638993593138,-0.34690528308846397,0.9795151568136587,0.7769688629537305
0.6425771880603474,0.6852069091194238,0.6767683996726619,0.08698540829429513,0.2950916540335109,0.3209688463391856,0.9982770606380199,1.1605969034949761,0.7736638993593138,-0.34690528308846397,1.0121284322742732,0.8252195877479644
-0.08893368489724114,-0.07488471875481544,-0.08164209378222054,0.500943117688743,0.2950916540335109,0.036615378101800336,0.9982770606380199,-0.7486507475274784,-1.0555657250367967,0.8884159688850906,0.03373016845583956,-0.6223021560790535
-0.8204445578548297,0.38555540197669486,0.37777964744525633,0.09270832593569303,0.2950916540335109,0.2451412548092162,1.6399873560839235,0.5953143052731079,-1.0555657250367967,-0.34690528308846397,-1.5643203291142687,0.9217210373364323
-0.08893368489724114,0.010381970269538325,0.0034360064450899993,0.3826694864331865,0.2950916540335109,0.932328803049564,0.35656676519211616,-0.44898286413275307,0.7736638993593138,0.2707553428983133,1.0447417077348877,0.8734703125421983
1.374088061017936,0.7095688202692392,0.7010764283090364,0.1384916670668762,1.6467271517242588,1.9607405131747742,-0.2851435302537876,1.1447054248301043,0.7736638993593138,0.2707553428983133,1.1751948095773455,1.066473211719134
2.1055989339755246,1.53543760824798,1.5251185990821299,0.7527514939102505,1.6467271517242588,0.9465464764614332,0.9982770606380199,1.952900625500727,0.7736638993593138,0.8884159688850906,1.1099682586561166,1.0182224869249001
0.6425771880603474,-0.055395189834963145,-0.06219567087312098,0.31399447473641173,0.2950916540335109,0.8233266402252329,0.35656676519211616,-0.48984666641385194,0.7736638993593138,-0.34690528308846397,1.2404213604985743,1.162974661307602
1.374088061017936,0.8874107716628913,0.8785250373545698,0.24531946303963695,1.6467271517242588,1.6574301470548964,-0.2851435302537876,1.3490244362355988,0.7736638993593138,0.2707553428983133,1.1425815341167311,1.0182224869249001
-1.5519554308124182,-1.0907764137021159,-1.0952868879190345,-0.9164328181641362,-1.056543843657237,-0.9633609851996713,-1.568564121145595,-0.9552399701708117,-1.0555657250367967,-0.34690528308846397,-2.803624796617618,0.48746451418832687
2.1055989339755246,2.427083556331222,2.414792447173434,2.290308700232486,1.6467271517242588,1.0887232105801259,1.6399873560839235,1.7849049939006538,0.7736638993593138,2.123737220858645,1.1099682586561166,1.0182224869249001
-0.08893368489724114,0.32465062410215645,0.3170095758543202,-0.19534519534800113,0.2950916540335109,0.47262402939912446,-0.2851435302537876,0.8246056402948295,0.7736638993593138,0.2707553428983133,-0.2271760352290761,-1.008307954432925
-0.08893368489724114,-0.82766777328411,-0.8327601786461907,-1.0976585434750696,-1.056543843657237,-1.3472381673201415,-1.568564121145595,-0.24920427520293617,-1.0555657250367967,-1.5822265350620184,-1.79261325733857,-1.6838181015522
-0.8204445578548297,-0.7350925109148116,-0.7403896698279678,-1.0251682533506963,0.2950916540335109,0.47262402939912446,-0.9268538256996913,-0.1629362481650607,-1.0555657250367967,-0.9645659090752412,0.783835504049972,0.48746451418832687
-0.08893368489724114,-0.8008696710193132,-0.8060213471461788,-1.028983531778295,0.2950916540335109,0.30201194845669327,-0.2851435302537876,-0.28098723253267976,-1.0555657250367967,-1.5822265350620184,-0.06410965792600382,-0.7670543304617553
-1.5519554308124182,-0.5743038973260303,-0.5799566808278965,-0.8992640652399425,-1.056543843657237,-0.43730706896050847,-0.2851435302537876,-0.013102306467698046,-1.0555657250367967,-0.9645659090752412,-0.16194948430784717,-0.911806504844457
2.1055989339755246,1.1066679720112296,1.0972972950819397,0.4170069922815739,1.6467271517242588,1.3351628830525264,0.9982770606380199,1.5533434476410934,0.7736638993593138,0.2707553428983133,1.1425815341167311,1.066473211719134
0.6425771880603474,-0.04077804314507393,-0.04761085369129632,0.3635930942951935,0.2950916540335109,-0.23352041672371568,0.35656676519211616,-0.5216296237435956,0.7736638993593138,0.2707553428983133,0.8816753304318155,0.6322166885710286
-0.8204445578548297,-0.7302201286848486,-0.7355280641006929,-0.12094726600982847,0.2950916540335109,0.017658480219307982,0.35656676519211616,-1.22993552994931,0.7736638993593138,-0.34690528308846397,-0.2597893106896905,0.6804674133652626
0.6425771880603474,-0.11264568103702924,-0.11931953816860091,0.2529500198948342,0.2950916540335109,0.07926839833740813,0.35656676519211616,-0.5238998349814343,0.7736638993593138,0.2707553428983133,1.0121284322742732,0.8252195877479644
2.1055989339755246,1.1212851187011188,1.1118821122637643,0.4284528275643697,0.2950916540335109,0.47262402939912446,0.9982770606380199,1.5669647150681263,0.7736638993593138,-0.34690528308846397,1.1099682586561166,0.9699717621306662
-0.8204445578548297,1.702316699624215,1.6916285952412946,2.0842836651421615,0.2950916540335109,0.5863654166940786,0.9982770606380199,0.6793121210731445,0.7736638993593138,3.3590584728321997,0.19679654575891184,-0.38104853210788386
2.837109806933113,6.3712769714863295,6.350262283402456,6.00638988871352,1.6467271517242588,1.9323051663510356,2.923407946975731,4.713477490712743,2.6028935237554243,2.7413978468454223,1.1751948095773455,1.1147239365133679
-0.8204445578548297,-1.2369478806010081,-1.2411350597372812,-1.4181419313933519,-2.408179341347985,-2.2571692656797744,-0.2851435302537876,-0.6305997631598593,-1.0555657250367967,-0.9645659090752412,-1.5317070536536543,-1.6838181015522
-1.5519554308124182,-0.5158353105664735,-0.5216174121005979,-0.7771751555567874,0.2950916540335109,0.3209688463391856,0.35656676519211616,-0.049425686273119294,-1.0555657250367967,-0.9645659090752412,-0.32501586161091944,-1.1530601288156268
-1.5519554308124182,-0.1832952233714938,-0.18981282121408677,-0.277373681541371,0.2950916540335109,-0.08186523366377686,-0.9268538256996913,-0.024453362656892186,-1.0555657250367967,-0.34690528308846397,-0.2597893106896905,-0.28454708251941596
-0.08893368489724114,-0.6400810574305318,-0.6455883581461075,-0.2697431246861738,0.2950916540335109,-0.17191049860561555,0.35656676519211616,-0.8848634217978081,0.7736638993593138,-0.34690528308846397,0.2294098212195263,-0.3327978073136499
-3.746488049685184,-2.7400777985446156,-2.740940426601584,-2.2765795776030364,-2.408179341347985,-2.2571692656797744,-1.568564121145595,-2.4104453736255005,-1.0555657250367967,-2.817547787035573,-0.8142149935201363,-1.6838181015522
0.6425771880603474,-0.9543497112631499,-0.9591619275553377,-0.6245640184528435,0.2950916540335109,0.017658480219307982,0.35656676519211616,-1.0483186309222037,0.7736638993593138,-1.5822265350620184,1.077354983195502,0.9699717621306662
0.6425771880603474,0.2503467950952196,0.2428700885133782,-0.21632922669979343,0.2950916540335109,-0.37095792637178526,-0.2851435302537876,0.7110950784028881,0.7736638993593138,-0.34690528308846397,1.077354983195502,0.9217210373364323
-0.8204445578548297,0.7120050113842207,0.7035072311726738,0.10796943964608742,1.6467271517242588,1.4962965150537115,-0.2851435302537876,1.1855692271112033,0.7736638993593138,0.8884159688850906,-0.1293362088472327,-0.8635557800502232
1.374088061017936,-0.334339072500349,-0.3405225987596083,-0.019842387678465613,0.2950916540335109,-0.36147947743053904,-1.568564121145595,-0.6124380732571487,-1.0555657250367967,0.2707553428983133,-1.368640676350582,-1.6838181015522
-0.08893368489724114,-0.08219329209976005,-0.08893450237313286,-0.5139209440524841,0.2950916540335109,0.2451412548092162,0.35656676519211616,0.4454803635757452,0.7736638993593138,-0.9645659090752412,0.0011168929952251002,0.9217210373364323
-0.8204445578548297,-0.9811478135279468,-0.9859007590553496,-1.1930405041650345,-1.056543843657237,-0.8922726181403249,-1.568564121145595,-0.4217403292786871,-1.0555657250367967,-0.34690528308846397,-0.1293362088472327,-0.8635557800502232
-0.08893368489724114,-0.32581240359791364,-0.33201478873687723,-0.704684865432414,0.2950916540335109,0.47262402939912446,0.35656676519211616,0.2184592397918624,-1.0555657250367967,-0.9645659090752412,1.077354983195502,0.9217210373364323
-0.8204445578548297,-0.9056258889635193,-0.9105458702825888,-1.074766872909478,0.2950916540335109,-0.20982429437060024,-0.2851435302537876,-0.4217403292786871,-1.0555657250367967,-0.9645659090752412,-1.6295468800354977,1.0182224869249001
-0.08893368489724114,0.9958212762795696,0.986695764786436,1.6264502538303296,0.2950916540335109,0.5674085188115862,0.35656676519211616,-0.09255969979205703,0.7736638993593138,0.2707553428983133,-0.19456275976846163,-0.28454708251941596
0.6425771880603474,-0.14553426108927997,-0.1521353768277064,-0.5635195636112659,0.2950916540335109,0.7380205997540173,0.9982770606380199,0.3864548713919357,0.7736638993593138,-0.34690528308846397,1.1751948095773455,1.066473211719134
-0.8204445578548297,-1.0420525914024852,-1.0466708306462857,-1.2655307942894078,-1.056543843657237,-0.5889622520204473,-1.568564121145595,-0.44898286413275307,-1.0555657250367967,-0.9645659090752412,0.03373016845583956,-0.6223021560790535
0.6425771880603474,0.2503467950952196,0.2428700885133782,0.8672098467382084,0.2950916540335109,0.4678848049285014,0.35656676519211616,-0.5783849046895663,0.7736638993593138,0.2707553428983133,0.5881558512862853,0.19796016542292333
1.374088061017936,0.5195459133006793,0.5114738049453157,0.7565667723378491,0.2950916540335109,0.5484516209290938,1.6399873560839235,0.0550040306674668,0.7736638993593138,0.2707553428983133,0.8816753304318155,0.6322166885710286
0.6425771880603474,0.9410069761924851,0.9320027003545935,1.0541584896905398,-1.056543843657237,-0.9207079649640635,-0.9268538256996913,0.48634416585684415,-1.0555657250367967,1.5060765948718677,-1.4664805027324255,0.9217210373364323
-0.08893368489724114,0.02012673472946447,0.013159217899639773,0.22815071011544327,0.2950916540335109,-0.07712600919315378,0.35656676519211616,-0.24693406396509734,0.7736638993593138,0.2707553428983133,0.9142886058924299,0.7287181381594966
-0.08893368489724114,0.7765640759312313,0.7679235070590661,0.1709215337014643,0.2950916540335109,0.26883737716233164,0.9982770606380199,1.2309734518679798,0.7736638993593138,-0.9645659090752412,0.7186089531287432,0.43921378939409295
-0.8204445578548297,-1.5146736677089032,-1.5182465861919499,-0.35749452852094155,-1.056543843657237,-1.062884699082756,-1.568564121145595,-2.4104453736255005,-1.0555657250367967,0.2707553428983133,-0.4554689634533773,1.0182224869249001
2.1055989339755246,1.5671080927427399,1.5567190363094165,0.7870889997586379,1.6467271517242588,0.6148007635178171,1.6399873560839235,1.9710623154034377,0.7736638993593138,0.8884159688850906,1.2404213604985743,1.2112253861018358
-0.08893368489724114,0.3234325285446657,0.3157941744225015,0.6249396665856974,-1.056543843657237,-0.7169213127272707,-0.2851435302537876,-0.1538554032137054,0.7736638993593138,0.2707553428983133,-0.5533087898352207,-0.6223021560790535
-0.8204445578548297,-1.0469249736324482,-1.0515324363735605,-1.227378010013422,0.2950916540335109,0.1313998675142621,-0.2851435302537876,-0.503467933840885,-1.0555657250367967,-0.9645659090752412,0.3924761985225986,-0.09154418334248027
0.6425771880603474,-0.2356733323435968,-0.2420750827822918,0.188090286625658,0.2950916540335109,-0.010776866604430547,0.35656676519211616,-0.6760039879166359,0.7736638993593138,-0.34690528308846397,1.0447417077348877,0.8734703125421983
-0.8204445578548297,-0.7058582175350333,-0.7112200354643184,-0.4643223244937023,-1.056543843657237,-1.119755392730233,-0.9268538256996913,-0.7758932823815443,-1.0555657250367967,-0.9645659090752412,-0.7816017180595218,-1.6838181015522
1.374088061017936,1.0165289007569127,1.0073575891273543,1.4547627245883925,0.2950916540335109,1.4346865969356113,0.35656676519211616,0.15035290265669757,0.7736638993593138,1.5060765948718677,1.0121284322742732,0.8252195877479644
-0.8204445578548297,-1.158989764921599,-1.163349368100883,-1.3570974765517743,0.2950916540335109,0.18827056116173915,-0.2851435302537876,-0.5579530035490168,-1.0555657250367967,-0.9645659090752412,-0.2597893106896905,-1.0565586792271588
0.6425771880603474,0.9787679384746989,0.9696801447409739,1.2506453287118675,1.6467271517242588,1.467861168229973,0.35656676519211616,0.3228889567324485,0.7736638993593138,1.5060765948718677,0.5555425758256708,0.14970944062868938
-0.8204445578548297,0.30881538185477647,0.4470575290589235,0.6516466155788877,0.2950916540335109,-0.09608290707564614,-1.568564121145595,0.05954445314314445,-1.0555657250367967,0.2707553428983133,-2.6405584193145457,0.5357152389825608
0.6425771880603474,-0.023724705340203177,-0.030595233645834212,0.22624307090164397,-1.056543843657237,-1.119755392730233,-0.2851435302537876,-0.32639145728945634,0.7736638993593138,0.2707553428983133,-0.9772813708232085,-1.6838181015522
1.374088061017936,1.34541470127942,1.3355159757184092,0.6039556352339052,0.2950916540335109,0.6811499061065404,0.9982770606380199,1.7758241489492985,0.7736638993593138,0.2707553428983133,1.1099682586561166,1.0182224869249001
1.374088061017936,0.6803345268894607,0.671906793945387,0.08317012986669654,1.6467271517242588,1.1645508021100952,-0.2851435302537876,1.1560564810192984,0.7736638993593138,0.2707553428983133,1.1751948095773455,1.066473211719134
0.6425771880603474,1.0481993852516727,1.038958026354641,1.0579737681181385,0.2950916540335109,0.036615378101800336,0.35656676519211616,0.6815823323109833,0.7736638993593138,-0.34690528308846397,1.0447417077348877,0.8734703125421983
0.6425771880603474,1.5622357105127767,1.5518574305821418,0.8233341448208246,1.6467271517242588,1.3730766788175113,0.9982770606380199,1.9188474569331446,2.6028935237554243,1.5060765948718677,0.5555425758256708,0.19796016542292333
1.374088061017936,1.183407992133148,1.1738675852865192,1.6150044185475336,1.6467271517242588,0.8517619870489714,0.35656676519211616,0.2706740982621555,0.7736638993593138,2.123737220858645,1.0447417077348877,0.9217210373364323
-0.08893368489724114,0.5536525889104208,0.54550504503624,1.1724321209460964,-1.056543843657237,0.15509598986737755,0.35656676519211616,-0.3763361045219105,0.7736638993593138,0.8884159688850906,-0.09672293338661826,-0.8153050552559892
0.6425771880603474,-1.0517973558624114,-0.9591619275553377,-0.6245640184528435,0.2950916540335109,0.017658480219307982,0.35656676519211616,-1.0483186309222037,0.7736638993593138,-1.5822265350620184,1.1099682586561166,0.9699717621306662
1.374088061017936,0.5621792578128563,0.554012855058971,0.8862862388762015,0.2950916540335109,0.8138481912839868,0.35656676519211616,-0.01991294018121453,0.7736638993593138,1.5060765948718677,1.0447417077348877,0.9217210373364323
1.374088061017936,0.8167612293284268,0.8080317543090839,1.445224528519396,1.6467271517242588,0.8138481912839868,0.35656676519211616,-0.2106106841596761,0.7736638993593138,0.8884159688850906,0.9469018813530443,0.7287181381594966
0.6425771880603474,1.0762155830739604,1.0669122592864717,0.5658028509579192,0.2950916540335109,1.2451176181106878,0.9982770606380199,1.319511690143694,0.7736638993593138,-0.9645659090752412,0.0011168929952251002,0.8252195877479644
2.1055989339755246,1.3393242234919662,1.3294389685593155,0.615401470516701,1.6467271517242588,1.4015120256412497,0.9982770606380199,1.7508518253330714,0.7736638993593138,0.8884159688850906,1.077354983195502,0.9699717621306662
-0.8204445578548297,-0.7119486953224871,-0.7172970426234121,-0.32887994031395207,-2.408179341347985,-2.2571692656797744,0.9982770606380199,-0.9484293364572952,0.7736638993593138,-0.34690528308846397,-1.009894646283823,0.6804674133652626
0.6425771880603474,-0.09193805655968619,-0.09865771382768264,0.2682111336052285,0.2950916540335109,0.11244296963176974,0.35656676519211616,-0.503467933840885,0.7736638993593138,0.8884159688850906,1.0447417077348877,0.8734703125421983
-0.08893368489724114,-1.0457068780749574,-1.050317034941742,-0.2315903404101878,-2.408179341347985,-2.2571692656797744,-1.568564121145595,-1.6862479887549144,-1.0555657250367967,-0.34690528308846397,-1.662160155496112,-1.6838181015522
-0.08893368489724114,1.0006936585095327,0.9915573705137108,0.6878917606410744,0.2950916540335109,0.4821024783403706,0.35656676519211616,1.0334650741760016,0.7736638993593138,-0.34690528308846397,-0.16194948430784717,0.8252195877479644
1.374088061017936,-0.1552790255492061,-0.1618585882822562,-0.5711501204664631,0.2950916540335109,-0.020255315545676722,0.9982770606380199,0.3773740264405804,0.7736638993593138,-0.9645659090752412,0.5555425758256708,0.19796016542292333
-0.08893368489724114,-0.003017080862860123,-0.009933409304915942,0.21098195719124957,0.2950916540335109,-0.020255315545676722,1.6399873560839235,-0.26963617634348563,0.7736638993593138,0.2707553428983133,0.8816753304318155,0.6322166885710286
-1.5519554308124182,-0.8081782443642578,-0.8133137557370911,-1.0823974297646752,-1.056543843657237,-0.20982429437060024,-0.2851435302537876,-0.23104258530022553,-1.0555657250367967,-0.34690528308846397,-0.19456275976846163,-0.960057229638691
2.1055989339755246,0.9897307984921158,0.9806187576273424,0.32544031001920753,1.6467271517242588,1.3825551277587573,0.9982770606380199,1.4443733082248296,0.7736638993593138,0.8884159688850906,1.1751948095773455,1.1147239365133679
-0.8204445578548297,-0.5657772284235949,-0.5714488708051655,-0.8859105907433474,-1.056543843657237,-0.9301864139053097,-0.2851435302537876,-0.013102306467698046,-1.0555657250367967,-0.34690528308846397,-0.5533087898352207,-1.4908152023752643
-0.8204445578548297,-0.5304524572563627,-0.5362022292824226,-0.5558890067560687,-1.056543843657237,-0.8922726181403249,-1.568564121145595,-0.3400127247164893,-1.0555657250367967,-0.34690528308846397,-0.32501586161091944,0.43921378939409295
-0.8204445578548297,-1.2771450339982033,-1.281243306987299,0.014495118169921769,0.2950916540335109,-0.31408723272430816,-0.2851435302537876,-2.4104453736255005,0.7736638993593138,0.8884159688850906,0.26202309668014073,-0.28454708251941596
-1.5519554308124182,-1.6121213123081646,-1.6154787007374476,-1.711918370318444,-2.408179341347985,-2.2571692656797744,-0.2851435302537876,-0.9802122937870388,-1.0555657250367967,-2.1998871610487956,0.03373016845583956,-0.6223021560790535
-1.5519554308124182,-1.1516811915766543,-1.1560569595099706,-0.8305890535431677,-1.056543843657237,-0.9017510670815712,-0.9268538256996913,-1.1709100377655004,-1.0555657250367967,-0.34690528308846397,-0.031496382465389355,-0.7188036056675213
2.1055989339755246,0.8776660072029652,0.86880182590002,0.23768890618443977,0.2950916540335109,1.7237792896436197,0.9982770606380199,1.3399435912842435,0.7736638993593138,-0.34690528308846397,1.1425815341167311,1.066473211719134
-0.8204445578548297,-0.35991907920765515,-0.36604602882780146,-0.7313918144256042,0.2950916540335109,-0.09608290707564614,-0.2851435302537876,0.18667628246211881,-1.0555657250367967,-0.34690528308846397,-0.32501586161091944,-1.1530601288156268
1.374088061017936,1.2260413366453247,1.2164066354001744,0.5104813137577395,1.6467271517242588,1.9844366355278895,-0.2851435302537876,1.6645837982951959,0.7736638993593138,0.2707553428983133,1.1425815341167311,1.066473211719134
0.6425771880603474,0.6072487934400146,0.5989827080362637,0.025940953452717564,1.6467271517242588,1.737996963055489,-0.2851435302537876,1.0879501438841337,0.7736638993593138,-0.34690528308846397,0.9795151568136587,0.8252195877479644
-0.8204445578548297,-0.0017989853053693547,-0.00871800787309722,-0.0389187798164586,-1.056543843657237,-0.3425225795480467,-0.2851435302537876,0.030031707051239687,0.7736638993593138,0.2707553428983133,-0.35762913707153393,-1.2013108536098607
1.374088061017936,-0.44640386378949964,-0.4523395304869307,-0.16482296792721235,0.2950916540335109,0.07452917386678504,0.35656676519211616,-0.6487614530625699,0.7736638993593138,-0.9645659090752412,0.9142886058924299,0.7287181381594966
0.6425771880603474,0.44280589317876096,0.43490351474073624,-0.09233267780283898,0.2950916540335109,0.47736325386974754,-0.2851435302537876,0.9222247235218991,0.7736638993593138,-0.34690528308846397,0.9142886058924299,0.7287181381594966
-0.08893368489724114,-1.3563212452351034,-1.3602444000555158,-1.030891170992094,-1.056543843657237,-1.006014005435279,-0.9268538256996913,-1.3139333457493465,-1.0555657250367967,-0.9645659090752412,0.0011168929952251002,-0.6705528808732875
-1.5519554308124182,-1.5098012854789402,-1.5133849804646748,-1.6317975233388733,-1.056543843657237,-1.1481907395539717,-0.2851435302537876,-0.8848634217978081,-1.0555657250367967,-1.5822265350620184,-0.9772813708232085,-1.6838181015522
-0.8204445578548297,-0.11142758547953847,0.392364464627081,1.2678140816360612,-1.056543843657237,-1.119755392730233,0.35656676519211616,-0.7758932823815443,0.7736638993593138,0.8884159688850906,-1.0425079217444375,0.5839659637767948
1.374088061017936,1.7254605152165396,1.7147212224458503,0.9015473525865959,1.6467271517242588,1.9512620642335279,0.9982770606380199,2.129977102052156,0.7736638993593138,0.8884159688850906,1.077354983195502,0.9699717621306662
-0.8204445578548297,-0.4062067103923043,-0.4122312832369129,-0.7676369594877909,0.2950916540335109,-0.21930274331184643,-0.9268538256996913,0.1435422689431811,-1.0555657250367967,-0.9645659090752412,1.1425815341167311,1.066473211719134
-0.8204445578548297,-1.777782308126909,-1.7807732954647937,-0.7695445987015902,-2.408179341347985,-2.2571692656797744,-1.568564121145595,-2.4104453736255005,-1.0555657250367967,-0.9645659090752412,-0.5533087898352207,-1.4908152023752643
-0.08893368489724114,0.8922831538928544,0.8833866430818447,0.5944174391649087,0.2950916540335109,-0.28565188590056967,0.9982770606380199,0.9426566246624486,0.7736638993593138,0.2707553428983133,-0.4554689634533773,0.9217210373364323
-0.08893368489724114,1.2236051455303432,1.213975832536537,1.1762473993736948,0.2950916540335109,-0.41361094660739306,0.35656676519211616,0.8677396538137673,0.7736638993593138,0.2707553428983133,-0.4228556879927628,1.0182224869249001
0.6425771880603474,1.1968070432655464,1.1872370010365252,1.3975335481744136,0.2950916540335109,0.26883737716233164,1.6399873560839235,0.5544505029920089,0.7736638993593138,0.2707553428983133,0.8164487795105865,0.5839659637767948
-0.08893368489724114,0.2552191773251827,0.24773169424065308,0.857671650669212,0.2950916540335109,0.30201194845669327,-0.2851435302537876,-0.5579530035490168,-1.0555657250367967,1.5060765948718677,-0.2271760352290761,-0.3327978073136499
-1.5519554308124182,-1.0883402225871344,-1.0928560850553972,-1.3017759393515946,0.2950916540335109,-0.5510484562554626,-0.2851435302537876,-0.49211687765169077,-1.0555657250367967,-1.5822265350620184,0.3598629230619841,1.0182224869249001
-0.08893368489724114,0.032307690304372146,0.025313232217826994,0.49331256083354585,0.2950916540335109,0.984460272226418,1.6399873560839235,-0.5397913136463062,0.7736638993593138,0.2707553428983133,0.8490620549712009,0.5839659637767948
-0.08893368489724114,0.21380392837049658,0.6731221953772057,1.960287116245207,0.2950916540335109,0.9275895785789409,-0.2851435302537876,-1.0755611657762696,0.7736638993593138,2.7413978468454223,-1.5969336045748832,0.43921378939409295
-0.8204445578548297,0.6267383223598669,0.6184291309453632,0.32925558844680614,0.2950916540335109,-0.13873592731125392,-0.2851435302537876,0.7633099368731812,-1.0555657250367967,-0.34690528308846397,-0.39024241253214836,-1.2495615784040945
-0.08893368489724114,0.05666960145418751,0.04962126085420143,0.27393405124662645,0.2950916540335109,-0.020255315545676722,1.6399873560839235,-0.23331279653806436,0.7736638993593138,0.2707553428983133,0.9469018813530443,0.7287181381594966
-0.08893368489724114,-0.5207076927964365,-0.5264790178278728,-0.2888195168241668,-1.056543843657237,-1.3188028204964029,-0.2851435302537876,-0.6396806081112146,0.7736638993593138,0.2707553428983133,-1.1077344726656664,-1.6838181015522
-0.08893368489724114,0.6596269024121176,0.6512449696044688,0.3082715570950138,0.2950916540335109,0.017658480219307982,-1.568564121145595,0.8495779639110567,-1.0555657250367967,0.2707553428983133,-0.4880822389139917,-1.3943137527867964
0.6425771880603474,0.8386869493632606,0.8299089800818209,1.9583794770314076,0.2950916540335109,1.0792447616388796,-0.9268538256996913,-0.780433704857222,-1.0555657250367967,0.8884159688850906,-2.6405584193145457,0.6322166885710286
-0.8204445578548297,-0.3550466969776921,-0.36118442310052656,-0.21251394827219483,1.6467271517242588,1.1550723531688492,-0.9268538256996913,-0.4217403292786871,-1.0555657250367967,0.2707553428983133,-1.8252265327991843,-1.6838181015522
-0.8204445578548297,-1.158989764921599,-1.163349368100883,-1.3570974765517743,-1.056543843657237,-0.7974881287278631,-0.2851435302537876,-0.5579530035490168,-1.0555657250367967,-0.9645659090752412,-0.4554689634533773,-1.3460630279925625
0.6425771880603474,-0.15040664331924306,-0.1569969825549813,-0.3002653521069626,0.2950916540335109,0.012919255748684893,-0.2851435302537876,0.0640848756188221,0.7736638993593138,-0.34690528308846397,0.16418327029829738,-0.4292992569021178
-0.08893368489724114,0.3660658730568426,0.3583332245361568,-0.16291532871341305,0.2950916540335109,0.6574537837534249,-0.2851435302537876,0.8631992313380896,0.7736638993593138,-0.34690528308846397,-0.031496382465389355,-0.7188036056675213
-0.8204445578548297,-0.7631087087370994,-0.7683439027597984,-0.462414685279903,-1.056543843657237,-1.119755392730233,-0.2851435302537876,-0.8848634217978081,-1.0555657250367967,-0.34690528308846397,-0.7489884425989074,0.7769688629537305
0.6425771880603474,-0.8837001689286854,-0.8886686445098518,-0.10187087387183548,0.2950916540335109,-0.36147947743053904,0.35656676519211616,-1.5386842582953906,0.7736638993593138,0.2707553428983133,0.783835504049972,0.5357152389825608
0.6425771880603474,0.6657173801995715,0.6573219767635624,0.9263466623659867,0.2950916540335109,-0.10082213154626922,1.6399873560839235,0.12538057904047048,0.7736638993593138,0.8884159688850906,0.8164487795105865,0.5839659637767948
1.374088061017936,0.6608449979696084,0.6524603710362875,0.06790901615630214,1.6467271517242588,1.3351628830525264,-0.2851435302537876,1.1378947911165878,0.7736638993593138,-0.34690528308846397,1.1751948095773455,1.066473211719134
-1.5519554308124182,0.5402535377780224,0.532135629286234,0.25867293753623205,0.2950916540335109,0.2498804792798393,-0.2851435302537876,0.686122754786661,-1.0555657250367967,-0.34690528308846397,-0.5533087898352207,0.43921378939409295
-1.5519554308124182,-0.8179230088241839,-0.8230369671916409,-0.6398251321632378,-2.408179341347985,-2.2571692656797744,-0.9268538256996913,-0.7758932823815443,-1.0555657250367967,-0.34690528308846397,-0.716375167138293,-1.6838181015522
-1.5519554308124182,0.34779443969448104,0.34010220305887595,0.47042089026795425,1.6467271517242588,1.4346865969356113,0.9982770606380199,0.07543593180801625,0.7736638993593138,0.8884159688850906,-2.314425664708401,-1.6838181015522
0.6425771880603474,0.9373526895200127,0.9283564960591374,0.8290570624622224,1.6467271517242588,1.8564775748210662,0.35656676519211616,0.7474184582083093,0.7736638993593138,0.2707553428983133,1.1425815341167311,1.0182224869249001
0.6425771880603474,0.02499911695942754,0.01802082362691466,-0.4299848186453149,0.2950916540335109,-0.19086739648810788,-0.2851435302537876,0.5453696580406536,0.7736638993593138,-0.34690528308846397,1.1751948095773455,1.066473211719134
-0.08893368489724114,-0.995764960217836,-1.0004855762371743,-0.780990433984386,0.2950916540335109,-0.17191049860561555,-1.568564121145595,-0.9393484915059399,-1.0555657250367967,-0.34690528308846397,-1.662160155496112,-1.6838181015522
2.1055989339755246,1.1553917943108603,1.1459133523546885,0.45515977655755985,1.6467271517242588,0.008180031278061805,1.6399873560839235,1.59874767239787,0.7736638993593138,0.2707553428983133,1.2404213604985743,1.162974661307602
0.6425771880603474,-0.11386377659452,-0.12053493960041964,-0.5234591401214805,0.2950916540335109,-0.3520010284892929,-0.2851435302537876,0.3978059275811298,0.7736638993593138,-0.34690528308846397,0.783835504049972,0.5357152389825608
-0.08893368489724114,-0.5438515083887611,-0.5495716450324285,-0.8210508574741713,0.2950916540335109,0.017658480219307982,-0.2851435302537876,-0.049425686273119294,0.7736638993593138,-0.34690528308846397,0.425089473983213,0.004957266245987597
-0.8204445578548297,-0.5207076927964365,-0.5264790178278728,-0.857296002536358,0.2950916540335109,0.11244296963176974,0.35656676519211616,0.03684234076475617,-1.0555657250367967,-0.34690528308846397,0.0011168929952251002,1.1147239365133679
-0.08893368489724114,-0.250290479033486,-0.2566598999641165,0.08507776908049583,0.2950916540335109,-0.48943853813736243,0.35656676519211616,-0.580655115927405,0.7736638993593138,0.2707553428983133,0.783835504049972,0.5357152389825608
0.6425771880603474,0.33195919744710106,0.32430198444523256,-0.00648891318187052,0.2950916540335109,0.5200162741053553,0.35656676519211616,0.6134759951758185,-2.884795349432907,-1.5822265350620184,0.26202309668014073,-0.28454708251941596
0.6425771880603474,0.5707059267152916,0.5625206650817021,1.0160057054145537,0.2950916540335109,-0.4088717221367699,1.6399873560839235,-0.15839582568938304,0.7736638993593138,0.8884159688850906,0.9142886058924299,0.6804674133652626
-0.08893368489724114,-0.5121810238940011,-0.5179712078051417,-0.34986397166574434,0.2950916540335109,0.23092358139734695,-0.9268538256996913,-0.5511423698355004,-1.0555657250367967,0.2707553428983133,-0.4228556879927628,-1.2978123031983284
0.6425771880603474,0.3343953885620826,0.32673278730887,0.5543570156751234,-1.056543843657237,-1.119755392730233,-0.9268538256996913,-0.049425686273119294,-1.0555657250367967,0.2707553428983133,-1.3034141254293532,-1.6838181015522
-1.5519554308124182,-0.6400810574305318,-0.6455883581461075,-0.9507703240125236,-1.056543843657237,-1.0202316788471484,-0.2851435302537876,-0.0743980098893464,-1.0555657250367967,-0.9645659090752412,-0.32501586161091944,-1.1530601288156268
-0.08893368489724114,1.0713432008439971,1.0620506535591967,1.8954273829760306,0.2950916540335109,0.47262402939912446,1.6399873560839235,-0.27190638758132446,0.7736638993593138,2.123737220858645,0.06634344391645401,-0.5740514312848196
-0.08893368489724114,-0.4062067103923043,-0.4122312832369129,-0.0522722543130537,0.2950916540335109,0.41575333575164736,0.35656676519211616,-0.7077869452463794,0.7736638993593138,-0.34690528308846397,1.1099682586561166,1.0182224869249001
1.374088061017936,2.254113987167533,2.2422054438551755,1.3155050619810438,0.2950916540335109,0.6858891305771634,0.9982770606380199,2.6226129406631813,0.7736638993593138,0.8884159688850906,-0.031496382465389355,-0.7188036056675213
1.374088061017936,0.190660112778172,0.18331541835426082,-0.3002653521069626,0.2950916540335109,0.036615378101800336,-0.2851435302537876,0.699744022213694,0.7736638993593138,-0.34690528308846397,1.1425815341167311,1.0182224869249001
-0.08893368489724114,-0.07244852763983389,-0.07921129091858309,-0.5062903871972869,0.2950916540335109,0.45366713151663207,-0.2851435302537876,0.4545612085271005,0.7736638993593138,-0.9645659090752412,1.1425815341167311,1.0182224869249001
0.6425771880603474,0.1553353416109397,0.1480687768315179,0.6993375959238701,0.2950916540335109,0.15983521433800063,1.6399873560839235,-0.555682792311178,0.7736638993593138,0.8884159688850906,1.0121284322742732,0.8734703125421983
1.374088061017936,0.9799860340321896,0.9708955461727926,0.31780975316401033,1.6467271517242588,1.6195163512899118,-0.2851435302537876,1.4352924632734743,0.7736638993593138,0.2707553428983133,1.1751948095773455,1.066473211719134
-1.5519554308124182,-1.0420525914024852,-1.0466708306462857,-1.2655307942894078,0.2950916540335109,0.47262402939912446,-1.568564121145595,-0.44898286413275307,-1.0555657250367967,-1.5822265350620184,0.0011168929952251002,-0.6705528808732875
-0.08893368489724114,0.11635628377123514,0.10917593101331881,0.3464243413709998,0.2950916540335109,-0.4562639668430008,-0.2851435302537876,-0.20834047292183727,0.7736638993593138,0.2707553428983133,1.077354983195502,1.0182224869249001
-1.5519554308124182,-0.15893331222167842,-0.16550479257771233,0.4017458785711795,-1.056543843657237,-0.5131346604904778,-0.2851435302537876,-0.7872443385707384,0.7736638993593138,0.2707553428983133,-1.662160155496112,1.066473211719134
-0.8204445578548297,-0.7996515754618224,-0.80480594571436,-0.3975549520107268,-1.056543843657237,-0.9775786586115405,-0.2851435302537876,-1.030156941019493,-1.0555657250367967,-0.9645659090752412,-0.5859220652958351,-1.5390659271694982
0.6425771880603474,2.815656039170777,2.8025055039236064,3.232682471849339,1.6467271517242588,0.55793006987034,2.2816976515298273,1.387618027278859,2.6028935237554243,2.7413978468454223,0.6207691267468998,0.24621089021715725
-0.08893368489724114,-0.6632248730228564,-0.6686809853506632,-0.32887994031395207,-2.408179341347985,-2.2571692656797744,-0.9268538256996913,-0.8576208869437421,-1.0555657250367967,0.2707553428983133,-1.8578398082597989,1.0182224869249001
-2.2834663037700067,-0.6693153508103102,-0.6747579925097568,-0.4223542617901177,-2.408179341347985,-2.2571692656797744,-1.568564121145595,-0.7577315924788337,-1.0555657250367967,-0.34690528308846397,-1.009894646283823,-0.911806504844457
-0.8204445578548297,-1.2759269384407126,-1.2800279055554802,-1.4486641588141407,0.2950916540335109,-0.3804363753130314,-0.2851435302537876,-0.6669231429652805,-1.0555657250367967,-0.9645659090752412,0.03373016845583956,1.066473211719134
-0.8204445578548297,-0.6279001018556241,-0.6334343438279203,-0.8592036417501572,-1.056543843657237,-1.2856282492020412,-0.2851435302537876,-0.16066603692722187,-1.0555657250367967,-0.9645659090752412,-1.0425079217444375,-1.6838181015522
-2.2834663037700067,-0.9153706534234454,-0.9202690817371386,-0.6569938850874315,-1.056543843657237,-0.7974881287278631,-0.9268538256996913,-0.9370782802681011,-1.0555657250367967,-0.34690528308846397,-0.7489884425989074,0.8252195877479644
0.6425771880603474,-0.486601017186695,-0.49244777773694853,-0.13620837972022287,0.2950916540335109,-0.36147947743053904,0.35656676519211616,-0.7577315924788337,0.7736638993593138,0.8884159688850906,1.1751948095773455,1.066473211719134
0.6425771880603474,0.831378376018316,0.8226165714909085,1.4566703638021918,0.2950916540335109,-0.22404196778246951,0.35656676519211616,-0.1969894167326431,0.7736638993593138,0.8884159688850906,0.9142886058924299,0.6804674133652626
-0.08893368489724114,-1.0810316492421899,-1.0855636764644847,-1.2960530217101967,0.2950916540335109,-0.2666949880180773,-0.2851435302537876,-0.4853062439381743,-1.0555657250367967,-1.5822265350620184,1.0447417077348877,0.8734703125421983
2.837109806933113,1.7425138530214104,1.7317368424913124,1.5348835715679632,1.6467271517242588,1.7522146364673583,1.6399873560839235,1.4080499284194083,0.7736638993593138,1.5060765948718677,1.1751948095773455,1.1147239365133679
-0.8204445578548297,-0.42813243042713817,-0.43410850900964987,-0.34223341481054714,-1.056543843657237,-1.2334967800251873,-0.2851435302537876,-0.4035786393759765,-1.0555657250367967,-0.9645659090752412,-1.4990937781930398,0.5839659637767948
-0.08893368489724114,0.7936174137361022,0.7849391271045282,1.1075723876769201,0.2950916540335109,0.30201194845669327,-0.2851435302537876,0.14808269141885874,0.7736638993593138,0.2707553428983133,-1.1729610235868952,0.053207991040221524
-1.5519554308124182,-0.743619179817247,-0.7488974798506989,-0.36512508537613875,-1.056543843657237,0.4441886825753859,-0.9268538256996913,-0.964320815122167,-1.0555657250367967,0.2707553428983133,-1.662160155496112,-1.6838181015522
2.837109806933113,11.168137276884973,11.136513121904583,7.849169369243643,0.2950916540335109,4.463051033663764,2.923407946975731,11.46054528956974,0.7736638993593138,3.3590584728321997,1.20780808503796,1.1147239365133679
-0.8204445578548297,-0.2624714346083937,-0.2688139142823037,-0.34986397166574434,-1.056543843657237,0.036615378101800336,-0.2851435302537876,-0.08574906607854055,-1.0555657250367967,-0.34690528308846397,-0.4228556879927628,-0.09154418334248027
1.374088061017936,0.22354869283042272,0.21613125701336633,0.7775508036896414,0.2950916540335109,0.3588826421041703,1.6399873560839235,-0.5216296237435956,0.7736638993593138,0.8884159688850906,1.2404213604985743,1.162974661307602
-1.5519554308124182,-0.21009332563629068,-0.21655165271409865,-0.10950143072703267,-1.056543843657237,0.339925744221678,-0.2851435302537876,-0.2741765988191633,0.7736638993593138,0.2707553428983133,-0.5533087898352207,-0.6223021560790535
0.6425771880603474,1.3892661413490877,1.3792704272638832,1.1991390699392865,0.2950916540335109,0.15035676539675444,-0.2851435302537876,1.149245847305782,0.7736638993593138,1.5060765948718677,-0.09672293338661826,0.8734703125421983
-0.8204445578548297,1.062816531941562,1.0535428435364658,0.3826694864331865,0.2950916540335109,0.1313998675142621,0.9982770606380199,1.5124796453599945,0.7736638993593138,2.123737220858645,-0.2597893106896905,-1.0565586792271588
0.6425771880603474,0.06154198368415058,0.054482866581476316,0.45897505498515845,0.2950916540335109,0.6005830901059478,0.35656676519211616,-0.44444244165707536,0.7736638993593138,0.2707553428983133,1.1099682586561166,0.9699717621306662
-0.8204445578548297,-0.5937934262458826,-0.599403103736996,-0.9145251789503369,-1.056543843657237,-0.9017510670815712,-0.2851435302537876,-0.03126399637040867,-1.0555657250367967,-0.34690528308846397,-0.4880822389139917,-1.3943137527867964
0.6425771880603474,0.010381970269538325,0.0034360064450899993,0.3826694864331865,0.2950916540335109,0.45366713151663207,0.35656676519211616,-0.44898286413275307,0.7736638993593138,0.2707553428983133,1.077354983195502,0.9217210373364323
1.374088061017936,0.30881538185477647,0.5503666507635149,1.5844821911267448,-2.408179341347985,-2.2571692656797744,-0.2851435302537876,-0.8576208869437421,0.7736638993593138,0.8884159688850906,-3.227597377605606,0.10145871583445545
0.6425771880603474,-0.6936772619601256,-0.6990660211461313,-0.7275765359980055,0.2950916540335109,-0.18138894754686172,0.9982770606380199,-0.4399020191813977,0.7736638993593138,-0.34690528308846397,1.0447417077348877,0.8734703125421983
1.374088061017936,0.7290583491890914,0.7205228512181359,0.1403993062806755,0.2950916540335109,0.9181111296376947,0.9982770606380199,1.1787585933976867,0.7736638993593138,-0.34690528308846397,0.9795151568136587,0.8252195877479644
-0.8204445578548297,0.47325828211603016,0.4652885505362043,0.7489362154826519,0.2950916540335109,-0.11977902942876158,0.9982770606380199,-0.02218315141905336,0.7736638993593138,0.8884159688850906,-0.4228556879927628,-1.2978123031983284
-1.5519554308124182,-0.7290020331273579,-0.7343126626688742,-0.31361882660355767,0.2950916540335109,0.2451412548092162,-1.568564121145595,-0.9983739836897495,-1.0555657250367967,-0.34690528308846397,-1.9882929101022566,-1.6838181015522
-0.8204445578548297,-0.554814368406178,-0.5605102579187969,-0.723761257570407,-1.056543843657237,-0.7974881287278631,-0.9268538256996913,-0.18563836054344898,-1.0555657250367967,-0.34690528308846397,-0.6185353407564496,-1.587316651963732
0.6425771880603474,-0.004235176420350891,-0.011148810736734663,-0.4452459323557093,0.2950916540335109,0.88019733387271,-0.2851435302537876,0.5090462782352324,0.7736638993593138,-0.34690528308846397,1.1425815341167311,1.0182224869249001
-0.8204445578548297,-0.5158353105664735,-0.5216174121005979,-0.5329973361904771,-1.056543843657237,-1.4988933503800803,-1.568564121145595,-0.3400127247164893,-1.0555657250367967,-0.34690528308846397,-1.3360274008899675,-1.6838181015522
1.374088061017936,-0.9214611312108992,-0.9263460888962323,-0.20679103063079693,0.2950916540335109,0.24040203033859311,1.6399873560839235,-1.4841991885872587,0.7736638993593138,0.2707553428983133,1.0121284322742732,0.8252195877479644
-0.08893368489724114,0.3611934908268795,0.3534716188088819,-0.16673060714101165,0.2950916540335109,-0.04395143789879216,-0.2851435302537876,0.858658808862412,0.7736638993593138,0.2707553428983133,0.32724964760136965,-0.18804563293094811
-0.8204445578548297,-0.36966384366758126,-0.3757692402823512,-0.7390223712808014,-2.408179341347985,-2.2571692656797744,-1.568564121145595,0.1775954375107635,-1.0555657250367967,-0.34690528308846397,1.1425815341167311,1.0182224869249001
0.6425771880603474,0.747329782551453,0.7387538726954167,1.0732348818285327,0.2950916540335109,0.036615378101800336,1.6399873560839235,0.10267846666208219,0.7736638993593138,0.2707553428983133,0.06634344391645401,-0.5740514312848196
0.6425771880603474,-0.17720474558403995,-0.18373581405499317,0.21479723561884817,0.2950916540335109,0.5626692943409631,0.35656676519211616,-0.5988168058301157,0.7736638993593138,-0.34690528308846397,1.0447417077348877,0.8734703125421983
-0.08893368489724114,0.6133392712274685,0.6050597151953573,0.28919516495702086,0.2950916540335109,0.4678848049285014,0.9982770606380199,0.7860120492515694,0.7736638993593138,0.2707553428983133,0.7512222285893576,0.6322166885710286
-0.08893368489724114,-0.7679810909670625,-0.7732055084870733,-0.590226512604456,0.2950916540335109,-0.17191049860561555,-0.9268538256996913,-0.7418401138139619,-1.0555657250367967,-0.34690528308846397,-0.9772813708232085,-1.6838181015522
-0.8204445578548297,-0.3647914614376182,-0.37090763455507636,-0.7352070928532027,0.2950916540335109,0.2451412548092162,0.35656676519211616,0.18213585998644116,-1.0555657250367967,-0.34690528308846397,0.16418327029829738,-0.4292992569021178
-0.8204445578548297,-0.45858481936440737,-0.4644935448051179,-0.7962515476947803,0.2950916540335109,0.5958438656353248,-0.2851435302537876,0.0799763542836939,-1.0555657250367967,-1.5822265350620184,0.2294098212195263,-0.3327978073136499
-0.8204445578548297,-0.3111952569080244,-0.3174299715550526,-0.6932390301496182,-1.056543843657237,-1.119755392730233,-0.2851435302537876,0.2320805072188954,-1.0555657250367967,-0.9645659090752412,-0.6837618916776784,-1.6838181015522
-0.8204445578548297,-0.9689668579530392,-0.9737467447371624,-0.6398251321632378,-1.056543843657237,-1.3614558407320108,-1.568564121145595,-1.057399475873559,-1.0555657250367967,-0.34690528308846397,-1.662160155496112,-1.6838181015522
0.6425771880603474,0.31734205075721184,0.3097171672634079,-0.20106811298939903,0.2950916540335109,0.7095852529302789,-0.2851435302537876,0.817795006581313,0.7736638993593138,0.2707553428983133,1.077354983195502,0.9217210373364323
-0.8204445578548297,-0.9689668579530392,-0.9737467447371624,-1.208301617875429,0.2950916540335109,-0.12451825389938466,-0.2851435302537876,-0.38087652699758817,-1.0555657250367967,-0.9645659090752412,-0.1293362088472327,0.8734703125421983
1.374088061017936,0.5499983022379485,0.5418588407407838,0.8118883095380288,1.6467271517242588,2.6858418571801064,0.35656676519211616,0.04592318571611149,0.7736638993593138,1.5060765948718677,1.1099682586561166,1.0182224869249001
0.6425771880603474,0.2089315461405335,0.20154643983154166,0.5047583961163417,0.2950916540335109,0.41575333575164736,0.35656676519211616,-0.22423195158670906,0.7736638993593138,0.2707553428983133,0.9795151568136587,0.7769688629537305
-1.5519554308124182,-1.2028412049912667,-1.207103819646357,-1.15107244146145,-1.056543843657237,-0.9301864139053097,-0.2851435302537876,-0.8848634217978081,-1.0555657250367967,-0.9645659090752412,-0.9772813708232085,-1.6838181015522
-0.08893368489724114,-1.3246507607403435,-1.3286439628282292,-1.4791863862349295,-1.056543843657237,-1.006014005435279,-0.2851435302537876,-0.7214082126734124,-1.0555657250367967,-1.5822265350620184,0.425089473983213,-0.04329345854824633
0.6425771880603474,-0.05295899871998161,-0.05976486800948354,0.4055611569987781,-1.056543843657237,-1.119755392730233,-0.9268538256996913,-0.594276383354438,-1.0555657250367967,-0.34690528308846397,-1.009894646283823,-0.04329345854824633
-0.08893368489724114,-0.22227428121119835,-0.22870566703228587,0.1251381925702811,0.2950916540335109,-0.41361094660739306,0.35656676519211616,-0.5761146934517274,0.7736638993593138,0.2707553428983133,0.6859956776681286,0.390963064599859
-0.8204445578548297,-0.3513924103052198,-0.3575382188050704,-0.2716507638999731,0.2950916540335109,1.1550723531688492,-0.2851435302537876,-0.34455314719216695,0.7736638993593138,-0.34690528308846397,-0.6185353407564496,-1.587316651963732
0.6425771880603474,-0.07366662319732467,-0.08042669235040181,-0.4986598303420897,0.2950916540335109,-0.1103005804875154,-0.2851435302537876,0.4432101523379064,0.7736638993593138,-0.34690528308846397,1.1099682586561166,0.9699717621306662
0.6425771880603474,0.37215635084429644,0.3644102316952504,0.9416077760763811,0.2950916540335109,-0.2572165390768311,0.35656676519211616,-0.4399020191813977,0.7736638993593138,1.5060765948718677,1.1425815341167311,1.0182224869249001
-0.08893368489724114,0.12244676155868899,0.11525293817241242,-0.36894036380373735,0.2950916540335109,0.7285421508127712,0.35656676519211616,0.6543397974569174,0.7736638993593138,-0.34690528308846397,0.19679654575891184,-0.38104853210788386
0.6425771880603474,-0.89100874227363,-0.8959610531007642,-0.5253667793352799,0.2950916540335109,-0.0676475602519076,1.6399873560839235,-1.0483186309222037,0.7736638993593138,-1.5822265350620184,0.9142886058924299,0.7287181381594966
-0.08893368489724114,0.7997078915235559,0.7910161342636217,1.9049655790450273,-1.056543843657237,-1.2334967800251873,-0.2851435302537876,-0.7895145498085773,0.7736638993593138,2.123737220858645,-1.79261325733857,-1.6838181015522
2.837109806933113,3.5477314692227284,3.532961764446658,1.6684183165339141,1.6467271517242588,0.9275895785789409,0.9982770606380199,4.613588196247834,0.7736638993593138,2.123737220858645,1.20780808503796,1.1147239365133679
-0.08893368489724114,-0.743619179817247,-0.7488974798506989,-0.315526465817357,0.2950916540335109,0.12192141857301592,-0.2851435302537876,-1.0233463073059765,0.7736638993593138,-0.34690528308846397,-1.662160155496112,0.6804674133652626
2.837109806933113,3.6220352982296653,3.6071012517876,4.005276353438055,1.6467271517242588,1.5673848821130578,2.923407946975731,1.9710623154034377,2.6028935237554243,2.123737220858645,0.783835504049972,0.5357152389825608
0.6425771880603474,1.388048045791597,1.3780550258320645,1.8935197437622313,1.6467271517242588,1.1598115776394722,0.35656676519211616,0.32061874549460967,0.7736638993593138,1.5060765948718677,0.783835504049972,0.48746451418832687
-2.2834663037700067,-1.9970395084752472,-1.9995455531921635,-1.112919657185464,0.2950916540335109,0.2451412548092162,-1.568564121145595,-2.4104453736255005,-1.0555657250367967,-1.5822265350620184,-0.6185353407564496,-1.587316651963732
-0.8204445578548297,-0.9251154178833715,-0.9299922931916884,-1.1739641120270417,-1.056543843657237,-0.6647898435504167,-1.568564121145595,-0.3400127247164893,-1.0555657250367967,-0.9645659090752412,-0.1293362088472327,-0.8635557800502232
0.6425771880603474,-0.334339072500349,-0.3405225987596083,0.04883262401830915,0.2950916540335109,0.6574537837534249,0.35656676519211616,-0.6941656778193465,0.7736638993593138,-0.34690528308846397,1.1099682586561166,1.0182224869249001
-1.5519554308124182,-0.9397325645732607,-0.9445771103735131,-1.1052891003302667,-1.056543843657237,-1.0818415969652484,-1.568564121145595,-0.44898286413275307,-1.0555657250367967,-0.9645659090752412,-0.5533087898352207,-1.4908152023752643
0.6425771880603474,0.2052772594680612,0.1979002355360855,0.6192167489442996,0.2950916540335109,0.7948912934014944,1.6399873560839235,-0.3672552595705552,0.7736638993593138,0.2707553428983133,1.2404213604985743,1.162974661307602
-0.8204445578548297,-1.1127021337369498,-1.1171641136917716,-0.5673348420388644,0.2950916540335109,-0.17191049860561555,-0.9268538256996913,-1.411552428976416,-1.0555657250367967,-0.9645659090752412,-1.9882929101022566,-0.18804563293094811
0.6425771880603474,-0.5158353105664735,-0.5216174121005979,-0.8534807241087593,-2.408179341347985,-2.2571692656797744,-0.2851435302537876,0.04138276324043383,-1.0555657250367967,-0.34690528308846397,1.077354983195502,0.9699717621306662
-0.8204445578548297,-0.7886887154444054,-0.7938673328279916,-0.5291820577628785,-1.056543843657237,-0.9301864139053097,-0.2851435302537876,-0.8530804644680644,-1.0555657250367967,0.2707553428983133,-1.7273867064173412,-1.6838181015522
-0.08893368489724114,-0.23445523678610605,-0.2408596813504731,0.1594756984186685,0.2950916540335109,-0.16243204966436936,0.35656676519211616,-0.6396806081112146,-1.0555657250367967,0.2707553428983133,-0.2271760352290761,-1.008307954432925
0.6425771880603474,0.5061468621682809,0.4981043891953098,0.8042577526828316,0.2950916540335109,0.46314558045787824,1.6399873560839235,-0.026723573894731015,0.7736638993593138,0.8884159688850906,0.7186089531287432,0.43921378939409295
-0.08893368489724114,-0.6607886819078749,-0.6662501824870257,-0.30217299132076186,-1.056543843657237,-0.8354019244928479,0.9982770606380199,-0.8848634217978081,0.7736638993593138,-0.34690528308846397,-1.4990937781930398,-1.6838181015522
0.6425771880603474,-0.8739554044687592,-0.878945433055302,-0.08660976016144108,0.2950916540335109,-0.39939327319552376,0.35656676519211616,-1.5386842582953906,0.7736638993593138,0.2707553428983133,0.6859956776681286,0.3427123398056251
-0.8204445578548297,-0.6607886819078749,-0.6662501824870257,-0.9145251789503369,-1.056543843657237,-0.9301864139053097,-1.568564121145595,-0.15612561445154421,-1.0555657250367967,-0.9645659090752412,-1.5969336045748832,-1.6838181015522
0.6425771880603474,0.19553249500813505,0.18817702408153572,-0.296450073679364,0.2950916540335109,0.2498804792798393,-0.2851435302537876,0.7042844446893717,0.7736638993593138,-0.34690528308846397,1.1751948095773455,1.1147239365133679
1.374088061017936,-0.024942800897693948,-0.031810635077652936,-0.4414306539281107,0.2950916540335109,-0.02499454001629981,0.9982770606380199,0.4659122647162947,0.7736638993593138,-0.34690528308846397,0.9795151568136587,0.8252195877479644
-0.8204445578548297,-0.7350925109148116,-0.7403896698279678,-1.0251682533506963,-1.056543843657237,-0.8401411489634709,-1.568564121145595,-0.1629362481650607,-1.0555657250367967,-0.9645659090752412,0.7512222285893576,0.43921378939409295
-0.08893368489724114,-0.3854990859149613,-0.3915694588959946,-0.07325628566484599,-1.056543843657237,-1.119755392730233,-0.2851435302537876,-0.6442210305868923,0.7736638993593138,0.2707553428983133,-1.009894646283823,-1.6838181015522
0.6425771880603474,0.7936174137361022,0.7849391271045282,1.2296612973600753,1.6467271517242588,2.23087630800029,0.35656676519211616,0.002789172197173751,0.7736638993593138,1.5060765948718677,1.1425815341167311,1.0182224869249001
0.6425771880603474,-0.06270376317990775,-0.0694880794640333,-0.4986598303420897,0.2950916540335109,-0.41835017107801614,-0.2851435302537876,0.4636420534784559,0.7736638993593138,-0.34690528308846397,1.1751948095773455,1.066473211719134
-0.08893368489724114,-0.17964093669902148,-0.18616661691863062,-0.590226512604456,0.2950916540335109,0.9465464764614332,-0.2851435302537876,0.3546719140621921,0.7736638993593138,-1.5822265350620184,1.2404213604985743,1.162974661307602
-0.08893368489724114,-0.8763915955837408,-0.8813762359189395,-1.1358113277510555,-1.056543843657237,-0.8069665776691094,-1.568564121145595,-0.2946084999597127,-1.0555657250367967,-1.5822265350620184,-0.6837618916776784,-1.6838181015522
-0.08893368489724114,-0.4951276860891304,-0.5009555877596795,-0.39183203436932895,0.2950916540335109,-0.17191049860561555,0.9982770606380199,-0.4694147652733025,0.7736638993593138,-0.34690528308846397,0.09895671937706847,-0.5258007064905856
-0.08893368489724114,-0.5645591328661042,-0.5702334693733467,0.20525903954985167,-1.056543843657237,-1.0486670256708868,-1.568564121145595,-1.309392923273669,-1.0555657250367967,-0.9645659090752412,-1.9882929101022566,0.8734703125421983
-0.08893368489724114,0.4537687531961779,0.44584212762710473,-0.09424031701663828,0.2950916540335109,0.10296452069052357,0.9982770606380199,0.9449268359002874,0.7736638993593138,-0.34690528308846397,-0.35762913707153393,-1.2013108536098607
-0.8204445578548297,-0.9031896978485376,-0.9081150674189514,-0.6550862458736322,-2.408179341347985,-2.2571692656797744,-1.568564121145595,-0.9166463791275516,-1.0555657250367967,0.8884159688850906,-1.9882929101022566,0.5357152389825608
0.6425771880603474,-0.02128851422522164,-0.02816443078219677,0.34833198058479914,0.2950916540335109,0.339925744221678,1.6399873560839235,-0.4671445540354637,0.7736638993593138,0.8884159688850906,1.0447417077348877,0.8734703125421983
-0.08893368489724114,-0.9543497112631499,-0.9591619275553377,-1.1739641120270417,0.2950916540335109,-0.0297337644869229,-0.2851435302537876,-0.3944977944246212,-1.0555657250367967,-0.9645659090752412,0.2294098212195263,-0.3327978073136499
-0.8204445578548297,0.6766802402169884,0.6682605896499308,1.1419098935253076,0.2950916540335109,0.2925334995154471,0.9982770606380199,-0.11072138969476765,0.7736638993593138,0.2707553428983133,-0.1293362088472327,-0.8635557800502232
-0.8204445578548297,-0.9811478135279468,-0.9859007590553496,-0.2544820109757794,0.2950916540335109,-0.36147947743053904,0.35656676519211616,-1.5386842582953906,0.7736638993593138,0.2707553428983133,1.1425815341167311,1.066473211719134
-0.8204445578548297,-0.7838163332144424,-0.7890057271007167,-1.0633210376266822,0.2950916540335109,0.7001068039890327,-0.2851435302537876,-0.20834047292183727,-1.0555657250367967,-0.9645659090752412,-0.2597893106896905,-1.0565586792271588
-0.08893368489724114,-0.654698204120421,-0.6601731753279322,-0.9412321279435271,1.6467271517242588,1.9512620642335279,-0.2851435302537876,-0.11299160093260648,-1.0555657250367967,-0.34690528308846397,0.16418327029829738,-0.4292992569021178
0.6425771880603474,-0.004235176420350891,-0.011148810736734663,0.3674083727227921,0.2950916540335109,0.4204925602222705,0.35656676519211616,-0.4580637090841084,0.7736638993593138,0.2707553428983133,1.077354983195502,0.9217210373364323
-0.8204445578548297,-0.46954767938182423,-0.4754321576914864,-0.2678354854723745,-1.056543843657237,-1.0439278012002637,-0.2851435302537876,-0.569304059738211,0.7736638993593138,0.2707553428983133,-0.5533087898352207,-1.4908152023752643
-0.08893368489724114,-0.25272667014846756,-0.2590907028277539,-0.32506466188635347,-1.056543843657237,-0.7785312308453708,-0.2851435302537876,-0.09710012226773469,-1.0555657250367967,-0.9645659090752412,-0.39024241253214836,1.0182224869249001
-0.8204445578548297,-0.06270376317990775,-0.0694880794640333,-0.5024751087696883,0.2950916540335109,-0.0723867847225307,-0.2851435302537876,0.46818247595413354,-1.0555657250367967,-0.34690528308846397,-0.35762913707153393,-1.2013108536098607
-0.08893368489724114,-0.4354410037720828,-0.4414009176005622,-0.08279448173384249,0.2950916540335109,-0.4088717221367699,0.35656676519211616,-0.72594863514909,0.7736638993593138,0.8884159688850906,1.1099682586561166,0.9699717621306662
0.6425771880603474,0.30150680850983186,0.29391694864976453,0.4570674157713592,0.2950916540335109,0.1313998675142621,0.9982770606380199,0.0050593834350125795,0.7736638993593138,-0.9645659090752412,0.5229293003650564,0.10145871583445545
-0.08893368489724114,-1.1662983382665435,-1.1706417766917954,-1.3628203941931722,-1.056543843657237,-0.9775786586115405,-1.568564121145595,-0.5647636372625333,-1.0555657250367967,-0.9645659090752412,-1.3360274008899675,0.9699717621306662
-0.08893368489724114,-1.8801023349561337,-1.5984630806919855,-1.4753711078073308,-2.408179341347985,-2.2571692656797744,-0.2851435302537876,-1.22993552994931,-1.0555657250367967,-0.9645659090752412,-1.1729610235868952,-0.1397949081367142
0.6425771880603474,0.08590389483396595,0.07879089521785075,1.0331744583387474,0.2950916540335109,0.1361390919848852,0.9982770606380199,-1.0823717994897861,0.7736638993593138,1.5060765948718677,-0.35762913707153393,1.066473211719134
-0.08893368489724114,0.4708220910010486,0.4628577476725669,-0.03510350138886001,0.2950916540335109,0.5863654166940786,0.9982770606380199,0.9063332448570274,0.7736638993593138,-0.9645659090752412,0.5555425758256708,0.19796016542292333
-0.08893368489724114,-0.48781911274418577,-0.49366317916876723,-0.08851739937524038,0.2950916540335109,-0.6316152722560551,0.35656676519211616,-0.8167570846626432,0.7736638993593138,-0.34690528308846397,0.7512222285893576,0.48746451418832687
-1.5519554308124182,-0.8081782443642578,-0.8133137557370911,-1.0823974297646752,0.2950916540335109,0.47262402939912446,-0.2851435302537876,-0.23104258530022553,-1.0555657250367967,-0.34690528308846397,-0.031496382465389355,-0.7188036056675213
-1.5519554308124182,-1.8801023349561337,-1.8828670157375664,-0.9297862926607313,0.2950916540335109,-0.2666949880180773,-1.568564121145595,-2.4104453736255005,-1.0555657250367967,-1.5822265350620184,-0.6837618916776784,-1.6838181015522
-1.5519554308124182,-1.8801023349561337,-1.8828670157375664,-0.9297862926607313,0.2950916540335109,-0.2666949880180773,-0.2851435302537876,-2.4104453736255005,0.7736638993593138,-0.34690528308846397,-0.716375167138293,-1.6838181015522
0.6425771880603474,0.01403625694201063,0.0070822107405461646,0.5238347882543346,-1.056543843657237,-1.2334967800251873,-0.9268538256996913,-0.6101678620193098,-1.0555657250367967,1.5060765948718677,-1.662160155496112,-1.6838181015522
1.374088061017936,1.4745328303734415,1.4643485274911936,2.065207273004168,0.2950916540335109,0.34940419316292415,0.35656676519211616,0.27748473197567197,0.7736638993593138,2.7413978468454223,1.1751948095773455,1.066473211719134
-0.8204445578548297,0.4245344598163994,0.41667249326345546,-0.11713198758222987,0.2950916540335109,0.2451412548092162,-0.9268538256996913,0.9176843010462215,-1.0555657250367967,-0.34690528308846397,-0.39024241253214836,-1.2495615784040945
-0.8204445578548297,-0.29901430133311674,-0.30527595723686535,0.23768890618443977,-1.056543843657237,-0.28565188590056967,0.9982770606380199,-0.8530804644680644,0.7736638993593138,0.2707553428983133,-1.8252265327991843,-1.6838181015522
0.6425771880603474,0.7229678714016377,0.7144458440590423,1.086588356325128,1.6467271517242588,0.9560249254026795,0.9982770606380199,0.04138276324043383,0.7736638993593138,1.5060765948718677,0.7186089531287432,0.390963064599859
1.374088061017936,0.7485478781089437,0.7399692741272355,0.1861826474118587,0.2950916540335109,0.2925334995154471,1.6399873560839235,1.1605969034949761,0.7736638993593138,-0.9645659090752412,1.1425815341167311,1.066473211719134
0.6425771880603474,1.2272594322028156,1.2176220368319932,1.4490398069469947,0.2950916540335109,0.9038934562258255,-0.2851435302537876,0.5499100805163313,0.7736638993593138,0.2707553428983133,-0.5859220652958351,-1.5390659271694982
2.1055989339755246,2.4027216451814066,2.39048441853706,2.4696267863296195,1.6467271517242588,2.5768396943557756,1.6399873560839235,1.5261009127870273,2.6028935237554243,3.3590584728321997,1.20780808503796,1.162974661307602
-0.08893368489724114,0.563397353370347,0.5552282564907898,1.004559870131758,0.2950916540335109,-0.4088717221367699,1.6399873560839235,-0.15839582568938304,0.7736638993593138,0.2707553428983133,0.9469018813530443,0.7287181381594966
-0.8204445578548297,-0.10046472546212157,-0.1071655238504137,-0.36512508537613875,-1.056543843657237,-0.47996008919611627,-0.2851435302537876,0.23435071845673422,-1.0555657250367967,-0.9645659090752412,-0.5859220652958351,-1.5390659271694982
-1.5519554308124182,-0.9689668579530392,-0.9737467447371624,-1.208301617875429,0.2950916540335109,-0.36147947743053904,-1.568564121145595,-0.38087652699758817,-1.0555657250367967,-0.9645659090752412,-0.5533087898352207,-1.4908152023752643
1.374088061017936,1.040890811906728,1.0316656177637287,0.3655007335089928,0.2950916540335109,-0.015516091075053634,1.6399873560839235,1.492047744219445,-1.0555657250367967,-0.34690528308846397,0.7186089531287432,0.390963064599859
0.6425771880603474,0.9336984028475405,0.9247102917636811,1.143817532739107,0.2950916540335109,0.23092358139734695,1.6399873560839235,0.36602297025138625,0.7736638993593138,-0.9645659090752412,0.7512222285893576,0.43921378939409295
-0.08893368489724114,-0.09924662990463079,-0.10595012241859497,-0.5272744185490792,-1.056543843657237,-0.0723867847225307,-0.2851435302537876,0.42958888491087344,-1.0555657250367967,-0.34690528308846397,-0.2271760352290761,-1.008307954432925
-0.8204445578548297,-0.9251154178833715,-0.9299922931916884,-1.1739641120270417,-1.056543843657237,-0.8496195979047172,-0.9268538256996913,-0.3400127247164893,-1.0555657250367967,-0.9645659090752412,-0.4228556879927628,0.004957266245987597
-2.2834663037700067,-1.2369478806010081,-1.2411350597372812,-1.0671363160542808,-2.408179341347985,-2.2571692656797744,-1.568564121145595,-1.0483186309222037,-1.0555657250367967,-0.34690528308846397,-1.9882929101022566,-1.6838181015522
0.6425771880603474,0.22720297950289503,0.2197774613088225,0.5753410470269157,0.2950916540335109,0.6479753348121787,1.6399873560839235,-0.2741765988191633,0.7736638993593138,0.2707553428983133,1.0447417077348877,0.8734703125421983
-0.08893368489724114,-0.26003524349341217,-0.2663831114186663,0.08889304750809443,0.2950916540335109,0.4252317846928936,1.6399873560839235,-0.6033572283057933,0.7736638993593138,-0.34690528308846397,0.16418327029829738,-0.4292992569021178
-1.5519554308124182,-1.3928641119598264,-1.3967064430100775,-1.540230841076507,-2.408179341347985,-2.2571692656797744,-1.568564121145595,-0.7758932823815443,-1.0555657250367967,-1.5822265350620184,-1.662160155496112,-1.6838181015522
2.1055989339755246,1.676736692916909,1.6661051651731016,0.8633945683106099,1.6467271517242588,1.3920335767000036,0.9982770606380199,2.084572877295379,0.7736638993593138,0.8884159688850906,1.077354983195502,0.9699717621306662
0.6425771880603474,0.29907061739485036,0.2914861457861271,0.1785520905566615,0.2950916540335109,-0.17191049860561555,0.9982770606380199,0.3319698016838038,0.7736638993593138,0.8884159688850906,0.425089473983213,0.6322166885710286
-0.08893368489724114,0.7558564514538884,0.7472616827181477,0.1423069454944748,0.2950916540335109,0.2498804792798393,0.35656676519211616,1.226433029392302,0.7736638993593138,0.8884159688850906,0.19679654575891184,0.7287181381594966
-0.08893368489724114,0.2211125017154412,0.21370045414972888,0.169013894487665,-1.056543843657237,-1.2334967800251873,-0.2851435302537876,0.19802733865131297,0.7736638993593138,-0.9645659090752412,-1.4664805027324255,0.9217210373364323
-0.8204445578548297,0.6096849845549962,0.6014135108999011,0.1384916670668762,-1.056543843657237,-0.7453566595510092,-0.2851435302537876,0.9585481033273204,-1.0555657250367967,-0.34690528308846397,-0.4554689634533773,0.5839659637767948
-0.08893368489724114,0.2734906106875442,0.2659627157179339,1.1285564190287125,0.2950916540335109,0.505798600693486,0.35656676519211616,-0.846269830754548,0.7736638993593138,0.2707553428983133,0.03373016845583956,-0.6223021560790535
0.6425771880603474,0.11635628377123514,0.10917593101331881,0.3464243413709998,0.2950916540335109,-0.4562639668430008,-0.2851435302537876,-0.20834047292183727,0.7736638993593138,0.2707553428983133,1.077354983195502,0.9217210373364323
0.6425771880603474,1.9934415378645085,1.9821095374459692,1.1113876661045188,0.2950916540335109,0.21670590798547767,1.6399873560839235,2.379700338214427,0.7736638993593138,0.8884159688850906,-0.09672293338661826,-0.8153050552559892
-2.2834663037700067,-1.5414717699737002,-1.5449854176919617,-1.437218323531345,-2.408179341347985,-2.2571692656797744,-1.568564121145595,-1.175450460241178,-1.0555657250367967,-0.34690528308846397,-1.3034141254293532,1.0182224869249001
-1.5519554308124182,-1.2077135872212297,-1.2119654253736318,-1.3952502608277602,-2.408179341347985,-2.2571692656797744,-1.568564121145595,-0.6033572283057933,-1.0555657250367967,-0.9645659090752412,-1.5969336045748832,-1.6838181015522
1.374088061017936,0.9860765118196435,0.9769725533318863,0.3426090629434012,0.2950916540335109,0.1645744388086237,0.35656676519211616,1.4171307733707637,0.7736638993593138,-0.34690528308846397,0.32724964760136965,-0.18804563293094811
1.374088061017936,1.4124099569414124,1.402363054468439,1.208677266008283,1.6467271517242588,1.4820788416418422,0.35656676519211616,1.1810288046355255,-1.0555657250367967,0.8884159688850906,1.1751948095773455,1.066473211719134
0.6425771880603474,0.015254352499501397,0.008297612172364887,0.3597778158675949,0.2950916540335109,0.1693136632792468,0.35656676519211616,-0.4126594843273318,0.7736638993593138,0.2707553428983133,0.8164487795105865,0.5357152389825608
-0.08893368489724114,0.1711705838583197,0.1638689954451613,-0.315526465817357,0.2950916540335109,0.1313998675142621,0.35656676519211616,0.6815823323109833,-1.0555657250367967,-0.34690528308846397,-0.32501586161091944,-1.1530601288156268
-0.08893368489724114,0.00794577915455679,0.0010052035814525555,0.5123889529715389,0.2950916540335109,0.3304472952804318,1.6399873560839235,-0.607897650781471,0.7736638993593138,0.2707553428983133,0.8816753304318155,0.6322166885710286
1.374088061017936,0.8143250382134452,0.8056009514454464,0.23768890618443977,0.2950916540335109,0.027136929160554157,1.6399873560839235,1.2218926069166245,0.7736638993593138,-0.9645659090752412,1.20780808503796,1.1147239365133679
0.6425771880603474,-0.5499419861762149,-0.555648652191522,-0.08660976016144108,0.2950916540335109,-0.7216605371978938,-0.9268538256996913,-0.9348080690302623,-1.0555657250367967,0.2707553428983133,-1.662160155496112,0.14970944062868938
-0.8204445578548297,-0.975057335740493,-0.979823751896256,-0.9774772730057137,-1.056543843657237,-0.12451825389938466,-1.568564121145595,-0.6669231429652805,-1.0555657250367967,-0.34690528308846397,-1.4990937781930398,-1.6838181015522
-0.08893368489724114,-0.24298190568854142,-0.24936749137320416,0.09652360436329163,-1.056543843657237,-1.119755392730233,-0.2851435302537876,-0.580655115927405,-1.0555657250367967,-0.9645659090752412,-0.9772813708232085,-1.6838181015522
-0.8204445578548297,-0.5012181638765842,-0.5070325949187732,-0.8420348888259636,0.2950916540335109,0.06505072492553886,-0.2851435302537876,0.0550040306674668,-1.0555657250367967,-0.34690528308846397,-0.5533087898352207,0.8734703125421983
-0.08893368489724114,-0.8447211110889808,-0.8497757986916528,-0.590226512604456,-2.408179341347985,-2.2571692656797744,-0.9268538256996913,-0.8848634217978081,-1.0555657250367967,0.2707553428983133,0.0011168929952251002,-0.6705528808732875
-0.8204445578548297,-1.0761592670122266,-1.08070207073721,-1.2731613511446052,0.2950916540335109,0.2451412548092162,-0.2851435302537876,-0.503467933840885,-1.0555657250367967,-1.5822265350620184,0.3598629230619841,-0.1397949081367142
-1.5519554308124182,-1.0566697380923744,-1.0612556478281103,-0.7390223712808014,-2.408179341347985,-2.2571692656797744,-1.568564121145595,-1.1028037006303355,-1.0555657250367967,0.2707553428983133,-1.9882929101022566,0.9217210373364323
0.6425771880603474,-0.3721000347825628,-0.37820004314598865,-0.0484569758854551,-1.056543843657237,-0.9775786586115405,-0.9268538256996913,-0.6487614530625699,-1.0555657250367967,-0.34690528308846397,-1.3034141254293532,0.7287181381594966
-0.08893368489724114,-0.3550466969776921,-0.36118442310052656,-0.6913313909358189,0.2950916540335109,0.06505072492553886,0.35656676519211616,0.14808269141885874,-1.0555657250367967,-0.34690528308846397,-0.16194948430784717,-0.911806504844457
-0.08893368489724114,0.28810775737743344,0.2805475328997586,0.8252417840346239,0.2950916540335109,-0.17191049860561555,1.6399873560839235,-0.4580637090841084,0.7736638993593138,0.8884159688850906,1.0121284322742732,0.8252195877479644
0.6425771880603474,0.731494540304073,0.7229536540817734,0.9606841682143741,0.2950916540335109,0.30675117292731635,0.35656676519211616,0.20710818360266828,0.7736638993593138,0.8884159688850906,0.8816753304318155,0.6804674133652626
-0.08893368489724114,-0.6120648596082441,-0.6176341252142769,-0.258297289403378,-1.056543843657237,-0.8401411489634709,-0.9268538256996913,-0.846269830754548,-1.0555657250367967,-0.34690528308846397,0.19679654575891184,-0.38104853210788386
0.6425771880603474,0.6072487934400146,0.5989827080362637,0.025940953452717564,0.2950916540335109,0.26409815269170855,-0.2851435302537876,1.0879501438841337,0.7736638993593138,0.2707553428983133,1.1099682586561166,0.9699717621306662
-0.8204445578548297,-0.2356733323435968,-0.2420750827822918,-0.3822938383003324,0.2950916540335109,0.7001068039890327,-0.2851435302537876,0.002789172197173751,-1.0555657250367967,0.2707553428983133,-0.39024241253214836,0.8252195877479644
-1.5519554308124182,-0.7156029819949594,-0.7209432469188682,-0.38801675594173035,-1.056543843657237,-1.119755392730233,-1.568564121145595,-0.8848634217978081,-1.0555657250367967,-0.34690528308846397,-1.140347748126281,-1.6838181015522
-0.08893368489724114,-0.3879352770299428,-0.39400026175963204,0.04692498480450986,0.2950916540335109,-0.20034584542935407,1.6399873560839235,-0.791784761046416,0.7736638993593138,-0.34690528308846397,0.13156999483768292,-0.4775499816963517
1.374088061017936,2.0458196468366117,2.034371799014174,2.446735115764028,0.2950916540335109,1.2972490872875417,0.35656676519211616,0.8881715549543168,0.7736638993593138,1.5060765948718677,0.6207691267468998,0.24621089021715725
2.837109806933113,1.8996481799377194,2.5837332461962363,3.9690312083758688,1.6467271517242588,1.7237792896436197,0.35656676519211616,0.10267846666208219,0.7736638993593138,3.3590584728321997,-2.575331868393317,0.390963064599859
-0.8204445578548297,0.11513818821374437,0.10796052958150008,-0.38038619908653315,-1.056543843657237,-0.7974881287278631,-0.2851435302537876,0.6543397974569174,-1.0555657250367967,-0.9645659090752412,-0.39024241253214836,-1.2495615784040945
0.6425771880603474,1.3953566191365416,1.3853474344229768,1.891612104548432,0.2950916540335109,0.719063701871525,1.6399873560839235,0.3365102241594815,0.7736638993593138,1.5060765948718677,0.5881558512862853,0.24621089021715725
-0.8204445578548297,-0.33312097694285825,-0.3393071973277896,-0.019842387678465613,-2.408179341347985,-2.2571692656797744,-0.2851435302537876,-0.6101678620193098,0.7736638993593138,0.2707553428983133,-1.6947734309567266,0.9699717621306662
-0.8204445578548297,-0.5718677062110488,-0.577525877964259,-0.8973564260261432,-1.056543843657237,-1.0913200459064947,-0.2851435302537876,-0.010832095229859218,-1.0555657250367967,-0.9645659090752412,-0.5859220652958351,1.066473211719134
1.374088061017936,1.272328967829974,1.2625918898092858,1.1533557288081033,0.2950916540335109,0.6432361103415556,0.35656676519211616,0.9857906381813863,-1.0555657250367967,-0.9645659090752412,0.3924761985225986,1.162974661307602
1.374088061017936,0.8057983693110098,0.7970931414227154,0.1938132042670559,1.6467271517242588,1.5721241065836808,0.9982770606380199,1.2582159867220457,0.7736638993593138,1.5060765948718677,1.0121284322742732,0.8734703125421983
-0.8204445578548297,-0.25272667014846756,-0.2590907028277539,-0.647455689018435,0.2950916540335109,0.25935892822108547,-0.2851435302537876,0.2865655769270273,-1.0555657250367967,-0.34690528308846397,-0.39024241253214836,-1.2495615784040945
1.374088061017936,0.4452420842937425,0.4373343176043737,-0.12094726600982847,1.6467271517242588,1.316205985170034,0.9982770606380199,0.9608183145651592,0.7736638993593138,-0.34690528308846397,1.1751948095773455,1.066473211719134
-0.08893368489724114,-0.18451331892898457,-0.1910282226459055,-0.5940417910320547,0.2950916540335109,-0.3520010284892929,0.9982770606380199,0.35013149158651447,0.7736638993593138,-0.9645659090752412,0.8816753304318155,0.6322166885710286
1.374088061017936,0.8240698026733714,0.8153241628999962,0.20335140033605237,1.6467271517242588,1.84699912587982,-0.2851435302537876,1.280918099100434,0.7736638993593138,0.2707553428983133,1.1425815341167311,1.0182224869249001
-0.8204445578548297,-1.2028412049912667,-1.207103819646357,-1.15107244146145,0.2950916540335109,0.47262402939912446,-1.568564121145595,-0.8848634217978081,-1.0555657250367967,-0.34690528308846397,-0.716375167138293,1.0182224869249001
-0.8204445578548297,-0.5645591328661042,-0.5702334693733467,-0.8916335083847453,-1.056543843657237,-0.9775786586115405,-0.2851435302537876,-0.004021461516342733,-1.0555657250367967,-0.34690528308846397,-0.09672293338661826,0.7769688629537305
-0.08893368489724114,-0.281960963528246,-0.28826033719140326,0.039294427949312656,0.2950916540335109,-0.17191049860561555,1.6399873560839235,-0.5851955384030827,0.7736638993593138,0.2707553428983133,0.16418327029829738,-0.4292992569021178
-3.0149771767275952,-2.2601481488932533,-2.2620722624650074,-2.0781850993679094,-1.056543843657237,-1.0913200459064947,-1.568564121145595,-1.7520841146522403,-1.0555657250367967,-2.1998871610487956,-1.662160155496112,-1.6838181015522
-1.5519554308124182,-1.327086951855325,-1.3310747656918667,-1.488724582303926,-1.056543843657237,-1.214539882142695,-1.568564121145595,-0.714597578959896,-1.0555657250367967,-1.5822265350620184,-0.8468282689807507,-1.6838181015522
-0.8204445578548297,-0.9738392401830022,-0.9786083504644373,-1.2121168963030275,-1.056543843657237,-0.8922726181403249,-1.568564121145595,-0.3854169494732659,-1.0555657250367967,-0.9645659090752412,-0.1293362088472327,-0.8635557800502232
-0.8204445578548297,-0.350174314747729,-0.35632281737325167,-0.6436404105908364,0.2950916540335109,0.30201194845669327,-0.2851435302537876,0.10040825542424336,-1.0555657250367967,-0.34690528308846397,-0.292402586150305,-1.1048094040213927
-0.08893368489724114,0.24912869953772884,0.2416546870815595,-0.2544820109757794,0.2950916540335109,0.178792112220493,0.35656676519211616,0.7542290919218259,-1.0555657250367967,-0.34690528308846397,-0.2597893106896905,-1.0565586792271588
-0.8204445578548297,0.4099173131265102,0.40208767608163076,0.8252417840346239,0.2950916540335109,-0.36147947743053904,-0.2851435302537876,-0.23104258530022553,0.7736638993593138,2.123737220858645,-0.6185353407564496,-1.587316651963732
-0.08893368489724114,-1.0810316492421899,-1.0855636764644847,-1.2960530217101967,0.2950916540335109,-0.2666949880180773,-0.2851435302537876,-0.4853062439381743,-1.0555657250367967,-2.1998871610487956,1.0447417077348877,0.8734703125421983
0.6425771880603474,0.07859532148902133,0.07149848662693842,-0.3594021677347409,0.2950916540335109,0.036615378101800336,0.9982770606380199,0.5612611367055255,0.7736638993593138,-0.34690528308846397,0.6207691267468998,0.24621089021715725
-0.08893368489724114,-1.2369478806010081,-1.2411350597372812,-1.4181419313933519,0.2950916540335109,-0.5510484562554626,-1.568564121145595,-0.6305997631598593,-1.0555657250367967,-0.9645659090752412,-1.4012539518111964,-1.6838181015522
-0.8204445578548297,-0.8374125377440362,-0.8424833901007405,-1.1052891003302667,-1.056543843657237,-0.8354019244928479,-1.568564121145595,-0.2582851201542915,-1.0555657250367967,-0.34690528308846397,-0.09672293338661826,-0.8153050552559892
-0.8204445578548297,-0.27952477241326446,-0.2858295343277658,-0.666532081156428,0.2950916540335109,-0.17664972307623864,-0.2851435302537876,0.2593230420729613,-1.0555657250367967,-0.9645659090752412,0.06634344391645401,0.7287181381594966
0.6425771880603474,0.45985923098363174,0.4519191347861984,0.8691174859520078,0.2950916540335109,0.06505072492553886,0.35656676519211616,-0.19017878301912663,0.7736638993593138,1.5060765948718677,0.9142886058924299,0.6804674133652626
-0.8204445578548297,1.062816531941562,1.0535428435364658,0.3826694864331865,0.2950916540335109,0.396796437869155,2.2816976515298273,1.5124796453599945,0.7736638993593138,0.8884159688850906,0.16418327029829738,-0.4292992569021178
-0.8204445578548297,-1.3879917297298634,-1.3918448372828027,-1.4562947156693378,0.2950916540335109,0.1313998675142621,-1.568564121145595,-0.8667017318950974,-1.0555657250367967,-1.5822265350620184,-1.4990937781930398,0.9217210373364323
-1.5519554308124182,-1.3806831563849187,-1.3845524286918904,-1.028983531778295,-1.056543843657237,-0.8496195979047172,-0.2851435302537876,-1.361607781743962,-1.0555657250367967,-0.9645659090752412,0.06634344391645401,-0.5740514312848196
-0.08893368489724114,-0.9104982711934823,-0.9154074760098637,-0.5787806773216603,0.2950916540335109,0.2451412548092162,0.35656676519211616,-1.0210760960681378,0.7736638993593138,-1.5822265350620184,1.2404213604985743,1.162974661307602
-0.08893368489724114,-1.3563212452351034,-1.3602444000555158,-1.030891170992094,-1.056543843657237,-0.8922726181403249,-0.9268538256996913,-1.3139333457493465,-1.0555657250367967,-0.9645659090752412,0.03373016845583956,-0.6223021560790535
0.6425771880603474,0.29176204404990574,0.28419373719521474,0.7260445449170604,0.2950916540335109,0.07926839833740813,1.6399873560839235,-0.3332020910029728,0.7736638993593138,0.8884159688850906,0.7512222285893576,0.48746451418832687
-0.8204445578548297,-0.35991907920765515,-0.36604602882780146,-0.7313918144256042,-1.056543843657237,0.5674085188115862,-0.2851435302537876,0.18667628246211881,-1.0555657250367967,-0.34690528308846397,-0.4880822389139917,-1.3943137527867964
-0.08893368489724114,-0.6327724840855872,-0.6382959495551952,-0.9450474063711257,0.2950916540335109,0.41575333575164736,0.35656676519211616,-0.06758737617582992,0.7736638993593138,-0.34690528308846397,0.2294098212195263,-0.3327978073136499
-0.08893368489724114,0.7643831203563237,0.7557694927408788,1.0160057054145537,0.2950916540335109,0.2119666835148546,0.9982770606380199,0.20256776112699063,0.7736638993593138,0.8884159688850906,0.5555425758256708,0.19796016542292333
-0.8204445578548297,-0.4330048126571012,-0.43897011473692477,-0.7886209908395831,0.2950916540335109,0.47262402939912446,0.35656676519211616,0.11856994532695399,-1.0555657250367967,-0.34690528308846397,1.077354983195502,0.9217210373364323
-0.08893368489724114,0.9994755629520419,0.9903419690818922,0.3750389295779893,0.2950916540335109,0.017658480219307982,0.35656676519211616,1.4035095059437306,-1.0555657250367967,0.2707553428983133,-0.1293362088472327,-0.4292992569021178
-0.08893368489724114,-0.8447211110889808,-0.8497757986916528,-0.590226512604456,-1.056543843657237,-1.006014005435279,-0.2851435302537876,-0.8848634217978081,-1.0555657250367967,0.2707553428983133,0.03373016845583956,-0.6223021560790535
-1.5519554308124182,-1.2442564539459526,-1.2484274683281935,-1.3094064962067917,-1.056543843657237,-0.8638372713165864,-1.568564121145595,-0.7736230711437054,-1.0555657250367967,-1.5822265350620184,-0.6837618916776784,-1.6838181015522
1.374088061017936,-0.5133991194514919,-0.5191866092369604,-0.8382196103983649,0.2950916540335109,-0.0723867847225307,-0.9268538256996913,0.02776149581340086,-1.0555657250367967,-0.9645659090752412,0.4903160249044419,0.053207991040221524
-0.8204445578548297,-1.0420525914024852,-1.0466708306462857,-1.2655307942894078,-1.056543843657237,-0.6647898435504167,-0.2851435302537876,-0.44898286413275307,-1.0555657250367967,-0.34690528308846397,0.2294098212195263,0.9699717621306662
1.374088061017936,1.286946114519863,1.2771767069911104,0.5696181293855178,1.6467271517242588,1.3351628830525264,0.9982770606380199,1.7077178118141336,0.7736638993593138,0.2707553428983133,1.1099682586561166,1.0182224869249001
-0.8204445578548297,-1.148026904904182,-1.1524107552145144,-0.794343908480981,-1.056543843657237,-0.8922726181403249,-1.568564121145595,-1.2072334175709216,-1.0555657250367967,-0.34690528308846397,-1.662160155496112,0.5357152389825608
-0.8204445578548297,-0.9251154178833715,-0.9299922931916884,-1.1739641120270417,0.2950916540335109,0.47262402939912446,-0.2851435302537876,-0.3400127247164893,-1.0555657250367967,-0.9645659090752412,-0.19456275976846163,1.1147239365133679
1.374088061017936,1.0214012829868757,1.012219194854629,1.4166099403124066,1.6467271517242588,0.9228503541083178,0.35656676519211616,0.20483797236482945,0.7736638993593138,1.5060765948718677,0.9142886058924299,1.066473211719134
-0.8204445578548297,-0.9555678068206407,-0.9603773289871564,-1.1529800806752493,-1.056543843657237,-1.006014005435279,-0.2851435302537876,-0.4217403292786871,-1.0555657250367967,-0.9645659090752412,0.425089473983213,0.004957266245987597
-0.8204445578548297,-1.9105547238934029,-1.9132520515330345,-1.17777939045464,0.2950916540335109,-0.29513033484181583,-1.568564121145595,-2.1720731936524236,-1.0555657250367967,-0.9645659090752412,-0.5859220652958351,0.5357152389825608
-2.2834663037700067,-1.8801023349561337,-1.8828670157375664,-0.9297862926607313,0.2950916540335109,-0.36147947743053904,-0.2851435302537876,-2.4104453736255005,0.7736638993593138,-0.34690528308846397,-0.6837618916776784,-1.6838181015522
-1.5519554308124182,-0.45005815046197195,-0.45598573478238685,-0.2926347952517654,-1.056543843657237,-0.6553113946091705,-1.568564121145595,-0.503467933840885,-1.0555657250367967,-0.34690528308846397,-1.662160155496112,-1.6838181015522
2.1055989339755246,2.0202396401293057,2.0088483689459813,1.132371697456311,1.6467271517242588,1.2119430468163261,0.35656676519211616,2.404672661830654,0.7736638993593138,0.8884159688850906,1.1425815341167311,1.066473211719134
0.6425771880603474,0.27105441957256265,0.2635319128542965,0.8233341448208246,0.2950916540335109,-0.20034584542935407,0.35656676519211616,-0.4875764551760131,0.7736638993593138,0.8884159688850906,1.077354983195502,0.9699717621306662
-0.8204445578548297,-0.14309806997429844,-0.14970457396406894,0.022125675025118967,0.2950916540335109,0.47262402939912446,-0.9268538256996913,-0.30595955614890685,-1.0555657250367967,-0.9645659090752412,-1.140347748126281,-1.6838181015522
-0.8204445578548297,-0.05783138094994468,-0.06462647373675842,-0.4948445519144911,-1.056543843657237,-1.1007984948477407,-1.568564121145595,0.46818247595413354,-1.0555657250367967,0.2707553428983133,-0.5533087898352207,-1.4908152023752643
-1.5519554308124182,-0.8081782443642578,-0.8133137557370911,-1.0823974297646752,-1.056543843657237,-0.7974881287278631,-1.568564121145595,-0.23104258530022553,-1.0555657250367967,-0.9645659090752412,-1.662160155496112,-1.6838181015522
-0.8204445578548297,-0.47442006161178735,-0.4802937634187613,-0.8210508574741713,0.2950916540335109,0.9275895785789409,-0.9268538256996913,0.0799763542836939,-1.0555657250367967,-0.34690528308846397,0.7512222285893576,0.48746451418832687
0.6425771880603474,0.07859532148902133,0.07149848662693842,0.45897505498515845,0.2950916540335109,-0.7406174350803861,-0.9268538256996913,-0.4126594843273318,-1.0555657250367967,-0.34690528308846397,-1.8578398082597989,-0.7188036056675213
-0.08893368489724114,-0.07244852763983389,-0.07921129091858309,0.2682111336052285,-1.056543843657237,-0.9728394341409174,-0.9268538256996913,-0.4671445540354637,-1.0555657250367967,-0.34690528308846397,-0.6837618916776784,0.9699717621306662
-0.08893368489724114,0.24425631730776579,0.2367930813542846,-0.258297289403378,0.2950916540335109,0.47262402939912446,-0.2851435302537876,0.7496886694461482,-1.0555657250367967,-0.9645659090752412,-0.09672293338661826,-0.8153050552559892
-0.08893368489724114,-0.47685625272676885,-0.48272456628239874,-0.22014450512739203,-1.056543843657237,-0.9301864139053097,-1.568564121145595,-0.6396806081112146,-1.0555657250367967,-0.34690528308846397,-1.0425079217444375,-1.6838181015522
1.374088061017936,0.8143250382134452,0.8056009514454464,0.1957208434808552,1.6467271517242588,1.8185637790560814,0.9982770606380199,1.2718372541490786,0.7736638993593138,0.8884159688850906,1.20780808503796,1.1147239365133679
0.6425771880603474,-0.12360854105444616,-0.1302581510549694,-0.5463508106870721,0.2950916540335109,0.4394494581047628,0.35656676519211616,0.4068867725324852,-1.0555657250367967,-1.5822265350620184,1.1425815341167311,1.066473211719134
-0.8204445578548297,-1.2759269384407126,-1.2800279055554802,-1.4486641588141407,0.2950916540335109,0.7001068039890327,-0.2851435302537876,-0.6669231429652805,-1.0555657250367967,-0.9645659090752412,-0.031496382465389355,-0.7188036056675213
-0.08893368489724114,0.42940684204636254,0.4215340989907303,0.21479723561884817,0.2950916540335109,2.1218741451759593,-0.2851435302537876,0.5317483906136207,-1.0555657250367967,0.2707553428983133,-0.5533087898352207,1.0182224869249001
1.374088061017936,0.3100334774122672,0.3024247586724956,-0.20679103063079693,0.2950916540335109,0.42997100916351666,0.9982770606380199,0.8109843728677966,0.7736638993593138,0.2707553428983133,1.1751948095773455,1.066473211719134
-0.8204445578548297,-0.22349237676868913,-0.2299210684641046,-0.6245640184528435,-2.408179341347985,-2.2571692656797744,4.848538833313442,0.3138081117810932,2.6028935237554243,-0.9645659090752412,0.5229293003650564,0.14970944062868938
0.6425771880603474,-0.4622391060368797,-0.4681397491005741,-0.09233267780283898,0.2950916540335109,0.036615378101800336,0.35656676519211616,-0.7645422261923501,-1.0555657250367967,0.2707553428983133,0.03373016845583956,0.9217210373364323
-0.08893368489724114,0.017690543614482933,0.010728415036002331,-0.21632922669979343,0.2950916540335109,0.5911046411647016,-0.2851435302537876,0.27748473197567197,-1.0555657250367967,-0.34690528308846397,-0.4228556879927628,0.8252195877479644
-0.8204445578548297,-0.7497096576047009,-0.7549744870097924,-0.34986397166574434,1.6467271517242588,0.17405288774986988,-1.568564121145595,-0.9938335612140717,-1.0555657250367967,0.2707553428983133,-1.79261325733857,-1.6838181015522
-0.8204445578548297,-0.3854990859149613,-0.32715318300960233,1.5119919010023715,0.2950916540335109,0.9275895785789409,-0.2851435302537876,-2.4104453736255005,0.7736638993593138,0.2707553428983133,-0.7489884425989074,-1.6838181015522
-1.5519554308124182,-1.227203116141082,-1.2314118482827314,-1.4105113745381546,-2.408179341347985,-2.2571692656797744,-1.568564121145595,-0.621518918208504,-1.0555657250367967,-1.5822265350620184,-0.9772813708232085,-1.6838181015522
-0.08893368489724114,-0.350174314747729,-0.35632281737325167,-0.16482296792721235,0.2950916540335109,-0.17191049860561555,0.35656676519211616,-0.4694147652733025,0.7736638993593138,0.2707553428983133,0.2294098212195263,-0.3327978073136499
-0.08893368489724114,-1.0420525914024852,-1.0466708306462857,-1.2655307942894078,-1.056543843657237,-0.8354019244928479,-1.568564121145595,-0.44898286413275307,-1.0555657250367967,-0.9645659090752412,-0.39024241253214836,-1.2495615784040945
-1.5519554308124182,-1.0420525914024852,-1.0466708306462857,-1.2655307942894078,0.2950916540335109,0.2451412548092162,-1.568564121145595,-0.44898286413275307,-1.0555657250367967,-0.9645659090752412,0.0011168929952251002,-0.6705528808732875
-0.8204445578548297,0.9458793584224482,0.9368643060818684,0.47423616869555285,1.6467271517242588,1.9512620642335279,0.9982770606380199,1.1855692271112033,0.7736638993593138,1.5060765948718677,-0.4228556879927628,-1.2978123031983284
-0.8204445578548297,-0.5743038973260303,-0.5799566808278965,-0.8992640652399425,-1.056543843657237,-0.8164450266103556,-0.2851435302537876,-0.013102306467698046,-1.0555657250367967,-0.34690528308846397,-0.09672293338661826,-0.8153050552559892
-3.746488049685184,-1.2138040650086834,-1.2180424325327255,-1.189225225737436,-2.408179341347985,-2.2571692656797744,-0.9268538256996913,-0.8598910981815809,-2.884795349432907,-1.5822265350620184,-1.5969336045748832,-1.6838181015522
0.6425771880603474,0.4440239887362517,0.436118916172555,-0.09424031701663828,0.2950916540335109,0.036615378101800336,1.6399873560839235,0.9267651459975768,0.7736638993593138,0.2707553428983133,1.2404213604985743,1.162974661307602
-2.2834663037700067,-0.16867807668160456,-0.1752280040322621,0.1480298631358727,-1.056543843657237,-0.46100319131362394,-0.2851435302537876,-0.503467933840885,0.7736638993593138,0.8884159688850906,-1.8252265327991843,-1.6838181015522
0.6425771880603474,0.09686675485138285,0.08972950810421926,0.500943117688743,0.2950916540335109,0.5294947230466015,1.6399873560839235,-0.4285509629922036,0.7736638993593138,0.2707553428983133,0.9142886058924299,0.6804674133652626
-0.8204445578548297,0.07859532148902133,0.07149848662693842,0.6497389763650884,0.2950916540335109,0.036615378101800336,1.6399873560839235,-0.6396806081112146,0.7736638993593138,1.5060765948718677,0.16418327029829738,-0.4292992569021178
-0.08893368489724114,-0.8447211110889808,-0.8497757986916528,-0.590226512604456,-1.056543843657237,-1.006014005435279,-0.9268538256996913,-0.8848634217978081,-1.0555657250367967,0.2707553428983133,0.06634344391645401,-0.5740514312848196
2.837109806933113,1.922791995530044,1.9116162544004833,1.061789046545737,1.6467271517242588,3.524684588480393,0.9982770606380199,2.3070535786035844,0.7736638993593138,0.2707553428983133,1.1751948095773455,1.1147239365133679
-0.08893368489724114,-0.3319028813853675,-0.3380917958959708,-0.13620837972022287,0.2950916540335109,-0.17191049860561555,0.35656676519211616,-0.4694147652733025,0.7736638993593138,0.2707553428983133,0.16418327029829738,-0.4292992569021178
-0.8204445578548297,-0.08706567432972312,-0.09379610810040775,-0.5177362224800827,-1.056543843657237,-0.949143311787802,0.35656676519211616,0.44093994110006757,-1.0555657250367967,-0.34690528308846397,-0.19456275976846163,-0.960057229638691
-0.08893368489724114,-0.3550466969776921,-0.36118442310052656,-0.03510350138886001,0.2950916540335109,-0.3946540487249007,1.6399873560839235,-0.6328699743976981,0.7736638993593138,0.2707553428983133,1.0121284322742732,0.8734703125421983
-0.08893368489724114,0.931262211732559,0.9222794889000437,1.5119919010023715,-1.056543843657237,-1.4041088609676184,1.6399873560839235,-0.07666822112718523,0.7736638993593138,1.5060765948718677,-0.8468282689807507,0.8252195877479644
-0.08893368489724114,1.7181519418715951,1.707428813854938,2.0919142219973583,1.6467271517242588,1.837520676938574,1.6399873560839235,0.699744022213694,0.7736638993593138,2.123737220858645,-1.7273867064173412,-1.6838181015522
-0.08893368489724114,-0.5219257883539273,-0.5276944192596914,-0.29072715603796606,-1.056543843657237,0.3209688463391856,-0.9268538256996913,-0.6396806081112146,-1.0555657250367967,-0.34690528308846397,-1.1077344726656664,-1.6838181015522
-0.08893368489724114,-1.0968668914895698,-1.1013638950781282,-0.8248661359017698,-1.056543843657237,-1.006014005435279,-0.2851435302537876,-1.0755611657762696,-1.0555657250367967,-0.34690528308846397,-0.4228556879927628,-1.2978123031983284
-0.8204445578548297,1.0823060608614141,1.0729892664455651,1.2830751953464556,-2.408179341347985,-2.2571692656797744,3.5651182424216348,0.47726332090548884,0.7736638993593138,1.5060765948718677,-2.314425664708401,0.8734703125421983
0.6425771880603474,0.49274781103588244,0.48473497344530386,-0.0637180895958495,0.2950916540335109,0.2546197037504624,0.9982770606380199,0.9812502157057087,0.7736638993593138,-0.34690528308846397,1.0121284322742732,0.8252195877479644
-1.5519554308124182,-0.8252315821691285,-0.8303293757825532,-0.34604869323814574,-1.056543843657237,-0.43730706896050847,-0.9268538256996913,-1.1391270804357567,-1.0555657250367967,-0.34690528308846397,-1.9882929101022566,0.7287181381594966
-1.5519554308124182,-0.7350925109148116,-0.7403896698279678,-1.0251682533506963,-2.408179341347985,-2.2571692656797744,-0.2851435302537876,-0.1629362481650607,-1.0555657250367967,-0.9645659090752412,0.7512222285893576,0.48746451418832687
-0.08893368489724114,0.8301602804608251,0.8214011700590899,1.5844821911267448,0.2950916540335109,-0.5510484562554626,0.9982770606380199,-0.35136378090568343,2.6028935237554243,2.123737220858645,-2.0535194610234857,0.5839659637767948
-0.8204445578548297,-1.1175745159669128,-1.1220257194190464,-1.3246676099171861,-1.056543843657237,-0.7121820882566476,-1.568564121145595,-0.5193594125057567,-1.0555657250367967,-1.5822265350620184,-0.5533087898352207,0.7287181381594966
1.374088061017936,1.208987998840454,1.1993910153547123,1.821029453637858,1.6467271517242588,0.7854128444602483,0.35656676519211616,0.07316572057017742,0.7736638993593138,1.5060765948718677,1.1099682586561166,1.0182224869249001
1.374088061017936,0.66328118908459,0.6548911738999249,1.088495995538927,1.6467271517242588,1.903869819527297,0.35656676519211616,-0.07212779865150758,0.7736638993593138,0.8884159688850906,1.1099682586561166,0.9699717621306662
-0.8204445578548297,-0.9994192468903084,-1.0041317805326304,-1.1987634218064325,-1.056543843657237,-0.8922726181403249,-1.568564121145595,-0.44898286413275307,-1.0555657250367967,-0.9645659090752412,-0.1293362088472327,0.9217210373364323
2.1055989339755246,1.1151946409136648,1.1058051051046707,1.5196224578575688,1.6467271517242588,1.2308999446988185,2.2816976515298273,0.2570528308351225,2.6028935237554243,2.7413978468454223,1.1099682586561166,1.0182224869249001
-0.8204445578548297,-0.9689668579530392,-0.9737467447371624,-1.208301617875429,0.2950916540335109,0.5863654166940786,-1.568564121145595,-0.38087652699758817,-1.0555657250367967,-0.34690528308846397,0.03373016845583956,-0.6223021560790535
-0.08893368489724114,0.6900792913493868,0.6816300053999368,0.09080068672189373,0.2950916540335109,0.2498804792798393,0.9982770606380199,1.1651373259706537,0.7736638993593138,-0.9645659090752412,0.6859956776681286,0.3427123398056251
-0.08893368489724114,-1.0810316492421899,-1.0855636764644847,-1.2960530217101967,0.2950916540335109,-0.2666949880180773,-0.2851435302537876,-0.4853062439381743,-1.0555657250367967,-2.1998871610487956,1.077354983195502,0.9217210373364323
0.6425771880603474,-0.09559234323215848,-0.1023039181231388,0.31017919630881313,-1.056543843657237,-1.1908437597895796,-1.568564121145595,-0.5602232147868557,-1.0555657250367967,0.2707553428983133,-1.79261325733857,-1.6838181015522
-0.8204445578548297,-0.42813243042713817,-0.43410850900964987,-0.09996323465803618,-1.056543843657237,-0.6647898435504167,-0.2851435302537876,-0.6918954665815077,0.7736638993593138,-0.34690528308846397,0.19679654575891184,-0.38104853210788386
-0.08893368489724114,0.1711705838583197,0.1638689954451613,-0.315526465817357,0.2950916540335109,-0.07712600919315378,-0.2851435302537876,0.6815823323109833,0.7736638993593138,-0.34690528308846397,1.1099682586561166,1.0182224869249001
1.374088061017936,0.17726106164577354,0.1699460026042549,-0.13620837972022287,0.2950916540335109,-0.36147947743053904,-0.2851435302537876,0.47953353214332767,0.7736638993593138,0.2707553428983133,1.0447417077348877,0.8734703125421983
0.6425771880603474,1.5476185638228874,1.537272613400317,1.782876669361872,0.2950916540335109,0.47262402939912446,1.6399873560839235,0.7496886694461482,0.7736638993593138,1.5060765948718677,1.1099682586561166,1.0182224869249001
-0.08893368489724114,-0.009107558650313962,-0.01601041646400955,0.5123889529715389,0.2950916540335109,0.03187615363117725,0.35656676519211616,-0.6396806081112146,-1.0555657250367967,0.8884159688850906,-0.2597893106896905,-1.0565586792271588
-0.8204445578548297,-0.4987819727616027,-0.5046017920551358,-0.10568615229943408,-1.056543843657237,-1.0723631480240023,-1.568564121145595,-0.8167570846626432,-1.0555657250367967,-0.34690528308846397,-1.4990937781930398,0.43921378939409295
0.6425771880603474,0.7607288336838514,0.7521232884454226,0.1461222239220734,0.2950916540335109,0.8707188849314639,1.6399873560839235,1.2309734518679798,0.7736638993593138,0.8884159688850906,1.1425815341167311,1.0182224869249001
-0.8204445578548297,0.8545221916106406,0.8457091986954642,0.49331256083354585,0.2950916540335109,0.2498804792798393,2.2816976515298273,0.9926012718949028,0.7736638993593138,0.2707553428983133,-0.19456275976846163,-0.960057229638691
-0.08893368489724114,0.08468579927647517,0.07757549378603203,0.25485765910863345,-1.056543843657237,-0.4704816402548701,-0.2851435302537876,-0.15839582568938304,-1.0555657250367967,0.8884159688850906,-0.5206955143746061,0.5357152389825608
-1.5519554308124182,-1.6121213123081646,-1.6154787007374476,-1.711918370318444,-1.056543843657237,-0.9017510670815712,-0.2851435302537876,-0.9802122937870388,-1.0555657250367967,-2.1998871610487956,-0.031496382465389355,-0.7188036056675213
2.837109806933113,1.7571309997112996,1.7463216596731372,0.9397001368625818,1.6467271517242588,2.008132757881005,1.6399873560839235,2.1435983694791885,0.7736638993593138,1.5060765948718677,1.2404213604985743,1.162974661307602
1.374088061017936,-0.13213520995688152,-0.13876596107770045,0.26248821596383065,0.2950916540335109,0.2451412548092162,1.6399873560839235,-0.5715742709760497,0.7736638993593138,-0.34690528308846397,0.9795151568136587,0.7769688629537305
0.6425771880603474,1.3551594657393462,1.345239187172959,0.5886945215235108,0.2950916540335109,0.036615378101800336,-0.2851435302537876,1.8121475287547197,0.7736638993593138,0.8884159688850906,1.077354983195502,0.9699717621306662
-0.8204445578548297,0.9531879317673927,0.9441567146727807,1.6111891401199352,-1.056543843657237,-0.20982429437060024,-0.2851435302537876,-0.1538554032137054,0.7736638993593138,2.7413978468454223,-2.575331868393317,-0.960057229638691
-0.8204445578548297,-0.1674599811241138,-0.1740126026004434,-0.43189245785911423,0.2950916540335109,-0.17191049860561555,-1.568564121145595,0.18894649369995767,-1.0555657250367967,-0.9645659090752412,-1.5317070536536543,-1.6838181015522
0.6425771880603474,-0.1260447321694277,-0.13268895391860686,-0.5482584499008715,1.6467271517242588,1.6574301470548964,-0.2851435302537876,0.40461656129464635,0.7736638993593138,-0.9645659090752412,1.1425815341167311,1.0182224869249001
-0.08893368489724114,-0.11629996770950154,-0.12296574246405707,-0.5406278930456743,-1.056543843657237,-0.6647898435504167,-0.9268538256996913,0.41369740624600165,-1.0555657250367967,-0.34690528308846397,-0.4554689634533773,-1.3460630279925625
1.374088061017936,1.204115616610491,1.1945294096274375,0.5104813137577395,0.2950916540335109,0.2735766016329547,-0.2851435302537876,1.6237199960140971,0.7736638993593138,0.2707553428983133,1.0121284322742732,0.8252195877479644
-0.08893368489724114,-0.3148495435804967,-0.32107617585050874,-0.6875161125082203,0.2950916540335109,-0.36147947743053904,0.9982770606380199,0.2184592397918624,0.7736638993593138,-0.34690528308846397,0.6859956776681286,0.3427123398056251
1.374088061017936,0.6912973869068776,0.6828454068317555,0.09652360436329163,1.6467271517242588,1.7237792896436197,-0.2851435302537876,1.1605969034949761,0.7736638993593138,0.2707553428983133,1.20780808503796,1.162974661307602
1.374088061017936,0.35510301303942565,0.3473946116497883,0.7260445449170604,0.2950916540335109,-0.21456351884122332,0.35656676519211616,-0.21515110663535375,0.7736638993593138,1.5060765948718677,1.0121284322742732,0.8252195877479644
-0.08893368489724114,-0.5901391395734102,-0.5957568994415399,-0.628379296880442,-2.408179341347985,-2.2571692656797744,-1.568564121145595,-0.3649850483327164,-1.0555657250367967,0.2707553428983133,-1.662160155496112,0.6322166885710286
1.374088061017936,1.6669919284569827,1.6563819537185518,0.8557640114554127,1.6467271517242588,2.0460465536459895,0.9982770606380199,2.075492032344024,0.7736638993593138,0.2707553428983133,1.1425815341167311,1.066473211719134
-1.5519554308124182,-0.6936772619601256,-0.6990660211461313,-0.38038619908653315,-1.056543843657237,-1.2619321268489259,-1.568564121145595,-0.8530804644680644,-1.0555657250367967,0.8884159688850906,-1.4990937781930398,-1.6838181015522
-0.8204445578548297,-0.05783138094994468,-0.06462647373675842,-0.4948445519144911,-1.056543843657237,-1.062884699082756,-0.9268538256996913,0.46818247595413354,-1.0555657250367967,-0.9645659090752412,0.19679654575891184,0.19796016542292333
0.6425771880603474,-0.8629925444513423,-0.8680068201689336,-0.5291820577628785,0.2950916540335109,0.7048460284596557,0.35656676519211616,-0.991563349976233,0.7736638993593138,-0.9645659090752412,1.1425815341167311,1.066473211719134
-0.8204445578548297,-1.1200107070818943,-1.124456522282684,0.2605805767500314,-2.408179341347985,-2.2571692656797744,-0.2851435302537876,-2.4104453736255005,0.7736638993593138,0.8884159688850906,-0.19456275976846163,-0.960057229638691
-0.08893368489724114,-0.559686750636141,-0.5653718636460718,-0.21251394827219483,0.2950916540335109,1.420468923523742,0.35656676519211616,-0.8031358172356102,0.7736638993593138,0.2707553428983133,-0.09672293338661826,-0.8153050552559892
-0.08893368489724114,1.1225032142586095,1.113097513695583,1.4566703638021918,0.2950916540335109,0.14087831645550827,0.35656676519211616,0.3455910691108368,0.7736638993593138,1.5060765948718677,-1.9882929101022566,0.6322166885710286
0.6425771880603474,1.0189650918718942,1.0097883919909918,0.34833198058479914,0.2950916540335109,0.34940419316292415,-0.2851435302537876,1.4716158430788955,0.7736638993593138,0.2707553428983133,1.077354983195502,0.9699717621306662
-0.8204445578548297,-1.646227987917906,-1.6495099408283718,-1.738625319311634,-1.056543843657237,-1.2856282492020412,-1.568564121145595,-1.0119952511167825,-1.0555657250367967,-1.5822265350620184,-1.6295468800354977,-1.6838181015522
-0.8204445578548297,-0.5889210440159195,-0.5945414980097211,-0.9107099005227383,-1.056543843657237,-0.5131346604904778,-0.2851435302537876,-0.026723573894731015,-1.0555657250367967,-0.34690528308846397,-0.32501586161091944,-1.1530601288156268
-0.08893368489724114,0.32952300633211956,0.3218711815815951,-0.5253667793352799,0.2950916540335109,0.41575333575164736,-0.2851435302537876,1.226433029392302,-1.0555657250367967,-1.5822265350620184,-0.35762913707153393,-0.4775499816963517
-0.8204445578548297,-0.7350925109148116,-0.7403896698279678,-1.0251682533506963,0.2950916540335109,0.017658480219307982,-0.2851435302537876,-0.1629362481650607,-1.0555657250367967,-0.9645659090752412,0.7512222285893576,0.48746451418832687
-0.8204445578548297,-0.5207076927964365,-0.5264790178278728,-0.857296002536358,-1.056543843657237,-1.119755392730233,-0.2851435302537876,0.03684234076475617,-1.0555657250367967,-0.9645659090752412,-0.6837618916776784,0.5357152389825608
-0.08893368489724114,0.40869921756901945,0.40087227464981207,1.067511964187135,0.2950916540335109,-0.1529536007231232,0.35656676519211616,-0.5216296237435956,0.7736638993593138,1.5060765948718677,-0.16194948430784717,1.066473211719134
-0.08893368489724114,-0.012761845322786267,-0.019656620759465716,-0.18771463849280393,0.2950916540335109,0.45366713151663207,-0.9268538256996913,0.18667628246211881,-1.0555657250367967,0.2707553428983133,-0.35762913707153393,0.10145871583445545
-0.8204445578548297,-0.5012181638765842,-0.5070325949187732,0.5429111803923277,0.2950916540335109,0.9275895785789409,-0.2851435302537876,-1.5931693280035224,0.7736638993593138,0.8884159688850906,-2.314425664708401,0.5357152389825608
-0.08893368489724114,-1.0444887825174667,-1.0491016335099232,-0.7428376497083999,-1.056543843657237,-1.006014005435279,-0.9268538256996913,-1.0755611657762696,-1.0555657250367967,-0.34690528308846397,-0.4228556879927628,-1.2978123031983284
-0.8204445578548297,0.4683858998860671,0.46042694480892943,-0.08279448173384249,0.2950916540335109,0.0508330515136696,-0.2851435302537876,0.9585481033273204,0.7736638993593138,0.2707553428983133,0.0011168929952251002,-0.6705528808732875
0.6425771880603474,0.4233163642589087,0.4154570918316367,0.05646318087350635,0.2950916540335109,-0.2666949880180773,-0.2851435302537876,0.7088248671650493,0.7736638993593138,0.2707553428983133,1.0447417077348877,0.9217210373364323
-1.5519554308124182,-0.23323714122861527,-0.23964427991865436,-0.6321945753080406,0.2950916540335109,-0.17191049860561555,-0.2851435302537876,0.3047272668297379,-1.0555657250367967,-0.9645659090752412,-1.79261325733857,0.24621089021715725
-0.8204445578548297,-1.0420525914024852,-1.0466708306462857,-1.2655307942894078,0.2950916540335109,0.7001068039890327,-0.2851435302537876,-0.44898286413275307,-1.0555657250367967,-0.9645659090752412,-0.4228556879927628,-1.2978123031983284
-0.8204445578548297,-0.5743038973260303,-0.5799566808278965,-0.8992640652399425,-1.056543843657237,-1.0249709033177714,-0.9268538256996913,-0.013102306467698046,-1.0555657250367967,-0.34690528308846397,-0.5533087898352207,0.9699717621306662
1.374088061017936,1.3490689879518925,1.3391621800138653,1.9049655790450273,1.6467271517242588,1.742736187526112,1.6399873560839235,0.23435071845673422,0.7736638993593138,0.8884159688850906,0.7512222285893576,0.43921378939409295
0.6425771880603474,-0.3574828880926736,-0.363615225964164,-0.7294841752118049,0.2950916540335109,-0.37569715084240835,-0.2851435302537876,0.18894649369995767,0.7736638993593138,-0.9645659090752412,1.1099682586561166,1.0182224869249001
-0.8204445578548297,-0.486601017186695,-0.49244777773694853,-0.8305890535431677,-1.056543843657237,-0.8922726181403249,-0.9268538256996913,0.06862529809449977,-1.0555657250367967,-0.34690528308846397,-0.292402586150305,-1.1048094040213927
-0.8204445578548297,-1.0810316492421899,-1.0855636764644847,-0.18199172085140602,0.2950916540335109,-0.5510484562554626,-0.2851435302537876,-1.81110960683605,0.7736638993593138,0.2707553428983133,-1.9882929101022566,0.8252195877479644
-0.08893368489724114,0.24425631730776579,0.2367930813542846,-0.258297289403378,0.2950916540335109,-0.08660445813439996,0.35656676519211616,0.7496886694461482,-1.0555657250367967,-0.34690528308846397,-0.4554689634533773,-1.3460630279925625
-0.08893368489724114,-0.486601017186695,-0.49244777773694853,-0.13620837972022287,0.2950916540335109,-0.4088717221367699,0.35656676519211616,-0.7577315924788337,0.7736638993593138,0.8884159688850906,1.1099682586561166,1.0182224869249001
-0.8204445578548297,-0.5816124706709749,-0.5872490894188088,-0.9049869828813404,-1.056543843657237,-0.7785312308453708,0.35656676519211616,-0.01991294018121453,-1.0555657250367967,-0.9645659090752412,-0.39024241253214836,1.0182224869249001
-0.08893368489724114,2.1152510936135855,2.729581418014483,3.562704055836618,-2.408179341347985,-2.2571692656797744,-0.2851435302537876,0.858658808862412,0.7736638993593138,4.594379724805754,-1.8578398082597989,0.48746451418832687
-0.8204445578548297,-0.2843971546432275,-0.2906911400550407,-0.4585994068523044,0.2950916540335109,0.47262402939912446,-0.2851435302537876,0.002789172197173751,-1.0555657250367967,0.2707553428983133,-0.39024241253214836,1.0182224869249001
-0.8204445578548297,-1.2978526584755465,-1.3019051313282173,-1.4295877666761476,-1.056543843657237,2.1218741451759593,-1.568564121145595,-0.7304890576247677,-1.0555657250367967,-1.5822265350620184,-1.009894646283823,-1.4425644775810302
-0.08893368489724114,-1.1772611982839605,-1.1815803895781638,-0.8305890535431677,-1.056543843657237,-1.006014005435279,-0.9268538256996913,-1.2185844737601157,-1.0555657250367967,-0.34690528308846397,0.0011168929952251002,-0.6705528808732875
-1.5519554308124182,-1.5061469988064677,-1.5097387761692187,-1.488724582303926,0.2950916540335109,0.2451412548092162,-1.568564121145595,-1.0483186309222037,-1.0555657250367967,-0.9645659090752412,-1.4664805027324255,-1.5390659271694982
0.6425771880603474,-0.004235176420350891,-0.011148810736734663,0.392207682502183,0.2950916540335109,-0.20508506989997716,0.35656676519211616,-0.4875764551760131,0.7736638993593138,0.2707553428983133,1.0447417077348877,0.8734703125421983
1.374088061017936,0.8533040960531497,0.8444937972636455,0.22624307090164397,1.6467271517242588,1.8659560237623123,-0.2851435302537876,1.3081606339545,0.7736638993593138,-0.34690528308846397,1.1425815341167311,1.066473211719134
0.6425771880603474,1.2175146677428894,1.2078988253774434,1.1857855954426915,0.2950916540335109,0.9181111296376947,0.35656676519211616,0.845037541435379,-1.0555657250367967,-0.34690528308846397,1.0447417077348877,0.8734703125421983
-0.8204445578548297,0.7582926425688699,0.7496924855817853,0.10415416121848883,0.2950916540335109,-0.4088717221367699,0.35656676519211616,1.2763776766247563,0.7736638993593138,0.2707553428983133,-0.2271760352290761,-1.008307954432925
1.374088061017936,0.09077627706392902,0.08365250094512565,0.4093764354263767,0.2950916540335109,-0.24773809013558495,-0.9268538256996913,-0.330931879765134,-1.0555657250367967,0.8884159688850906,-2.9014646229994616,0.053207991040221524
-1.5519554308124182,-0.5840486617859565,-0.5896798922824463,-0.9297862926607313,0.2950916540335109,0.8138481912839868,-0.2851435302537876,0.0050593834350125795,-1.0555657250367967,-0.9645659090752412,-0.2597893106896905,-1.0565586792271588
-0.8204445578548297,-0.9251154178833715,-0.9299922931916884,-1.1739641120270417,-1.056543843657237,-0.9538825362584251,-1.568564121145595,-0.3400127247164893,-1.0555657250367967,-0.9645659090752412,-0.4228556879927628,-1.2978123031983284
1.374088061017936,0.9251717339451051,0.9162024817409501,1.279259916918857,1.6467271517242588,1.7048223917611274,1.6399873560839235,0.18894649369995767,0.7736638993593138,1.5060765948718677,0.9469018813530443,0.7287181381594966
-0.8204445578548297,0.9458793584224482,0.9368643060818684,0.29110280417082013,0.2950916540335109,0.2451412548092162,-0.2851435302537876,1.4035095059437306,0.7736638993593138,0.8884159688850906,0.16418327029829738,-0.4292992569021178
1.374088061017936,1.938627237777424,1.9274164730141268,3.661901294954182,1.6467271517242588,2.548404347532037,1.6399873560839235,-0.7577315924788337,2.6028935237554243,2.7413978468454223,-1.1729610235868952,0.5839659637767948
-0.8204445578548297,-0.89100874227363,-0.4219544946914627,-0.40327786965212475,0.2950916540335109,0.036615378101800336,-0.2851435302537876,-0.3082297673867457,-1.0555657250367967,-0.34690528308846397,-1.368640676350582,0.7769688629537305
-0.8204445578548297,0.7668193114713052,0.7582002956045163,2.0480385200799747,0.2950916540335109,0.6858891305771634,1.6399873560839235,-1.0210760960681378,2.6028935237554243,0.8884159688850906,-1.6295468800354977,0.6322166885710286
-0.8204445578548297,-0.5523781772911965,-0.5580794550551595,-0.30980354817595906,0.2950916540335109,-0.17191049860561555,-0.9268538256996913,-0.6737337766787971,-1.0555657250367967,0.2707553428983133,-0.031496382465389355,-0.7188036056675213
0.6425771880603474,-0.08219329209976005,-0.08893450237313286,-0.5139209440524841,1.6467271517242588,0.8138481912839868,-0.2851435302537876,0.4454803635757452,0.7736638993593138,-0.34690528308846397,1.1425815341167311,1.066473211719134
1.374088061017936,0.6876431002344053,0.6791992025362994,0.08889304750809443,1.6467271517242588,1.6479516981136504,-0.2851435302537876,1.162867114732815,0.7736638993593138,0.2707553428983133,1.1425815341167311,1.0182224869249001
-0.8204445578548297,-0.47685625272676885,-0.48272456628239874,-0.8229584966879705,-1.056543843657237,-0.8401411489634709,-0.2851435302537876,0.07770614304585508,-1.0555657250367967,-0.34690528308846397,-0.06410965792600382,-0.7670543304617553
-0.08893368489724114,-1.3563212452351034,-1.3602444000555158,-1.030891170992094,-1.056543843657237,-1.006014005435279,0.35656676519211616,-1.3139333457493465,-1.0555657250367967,-0.9645659090752412,0.06634344391645401,-0.5740514312848196
0.6425771880603474,0.12244676155868899,0.11525293817241242,0.34451670215720054,0.2950916540335109,-0.4562639668430008,-0.2851435302537876,-0.1947192054948043,0.7736638993593138,0.2707553428983133,1.077354983195502,0.9217210373364323
0.6425771880603474,2.8984865370801494,2.8851528012872794,3.7496526987889496,1.6467271517242588,1.8659560237623123,0.9982770606380199,0.9267651459975768,2.6028935237554243,2.123737220858645,-2.9666911739206903,0.8252195877479644
1.374088061017936,-0.3319028813853675,-0.3380917958959708,0.4284528275643697,0.2950916540335109,0.07452917386678504,-0.2851435302537876,-1.1413972916735957,0.7736638993593138,0.8884159688850906,0.5555425758256708,0.9699717621306662
0.6425771880603474,1.9349729511049518,1.9237702687186706,0.9702223642833706,0.2950916540335109,0.17405288774986988,2.2816976515298273,2.438725830398236,0.7736638993593138,0.8884159688850906,-0.19456275976846163,-0.960057229638691
-0.8204445578548297,-0.418387665967212,-0.42438529755510007,-0.34986397166574434,-1.056543843657237,-1.119755392730233,-1.568564121145595,-0.3763361045219105,-1.0555657250367967,0.2707553428983133,-1.140347748126281,-1.6838181015522
-0.8204445578548297,-1.342922194102705,-1.34687498430551,-0.7981591869085797,-1.056543843657237,-0.8922726181403249,-0.9268538256996913,-1.5659267931494565,-1.0555657250367967,-0.9645659090752412,0.0011168929952251002,0.9699717621306662
-0.08893368489724114,-0.3891533725874336,-0.3952156631914508,-0.10950143072703267,0.2950916540335109,-0.41835017107801614,0.35656676519211616,-0.607897650781471,0.7736638993593138,-0.34690528308846397,0.8490620549712009,0.5839659637767948
-0.8204445578548297,-0.82766777328411,-0.8327601786461907,-1.0976585434750696,0.2950916540335109,1.7237792896436197,-0.2851435302537876,-0.24920427520293617,-1.0555657250367967,-1.5822265350620184,-0.651148616217064,-1.635567376757966
-0.08893368489724114,-0.02859708757016625,-0.0354568393731091,0.29110280417082013,0.2950916540335109,0.30201194845669327,0.9982770606380199,-0.4126594843273318,0.7736638993593138,-0.9645659090752412,0.5555425758256708,1.066473211719134
-0.08893368489724114,0.5463440155654763,0.5382126364453276,-0.021750026892264913,0.2950916540335109,-0.020255315545676722,-0.9268538256996913,1.0311948629381629,-1.0555657250367967,-0.34690528308846397,-0.2271760352290761,-1.008307954432925
1.374088061017936,1.0774336786314511,1.0681276607182904,0.3941153217159823,1.6467271517242588,2.1408310430584514,0.9982770606380199,1.5261009127870273,0.7736638993593138,0.2707553428983133,1.1751948095773455,1.066473211719134
1.374088061017936,0.495184002150864,0.4871657763089413,-0.0484569758854551,0.2950916540335109,0.2451412548092162,0.35656676519211616,0.9676289482786757,-1.0555657250367967,-1.5822265350620184,0.4577027494438275,0.004957266245987597
0.6425771880603474,-0.2356733323435968,-0.2420750827822918,0.188090286625658,0.2950916540335109,-0.010776866604430547,-0.2851435302537876,-0.6760039879166359,0.7736638993593138,-0.34690528308846397,1.0447417077348877,0.9217210373364323
-0.08893368489724114,-0.43665909932957353,-0.4426163190323809,-0.11140906994083197,-1.056543843657237,-1.2334967800251873,-1.568564121145595,-0.6941656778193465,-1.0555657250367967,0.2707553428983133,-2.1187460119447143,0.48746451418832687
0.6425771880603474,0.07128674814407672,0.0642060780360261,0.04310970637691126,0.2950916540335109,-0.18138894754686172,0.9982770606380199,0.06862529809449977,0.7736638993593138,0.2707553428983133,1.1425815341167311,1.066473211719134
0.6425771880603474,0.1857877305482089,0.17845381262698595,-0.3040806305345612,0.2950916540335109,-0.010776866604430547,-0.2851435302537876,0.6952035997380164,0.7736638993593138,-0.34690528308846397,1.1099682586561166,1.0182224869249001
2.1055989339755246,1.5366557038054707,1.5263340005139485,2.038500324010978,1.6467271517242588,1.7237792896436197,1.6399873560839235,0.4250484624351958,2.6028935237554243,1.5060765948718677,1.1425815341167311,1.0182224869249001
-0.8204445578548297,-0.2624714346083937,-0.2688139142823037,-0.3594021677347409,-1.056543843657237,-0.8638372713165864,-1.568564121145595,-0.0743980098893464,-1.0555657250367967,-0.34690528308846397,-0.4228556879927628,-0.960057229638691
0.6425771880603474,0.5487802066804578,0.5406434393089651,0.5944174391649087,0.2950916540335109,0.04609382704304651,0.35656676519211616,0.30245705559189906,0.7736638993593138,0.2707553428983133,0.8816753304318155,0.6322166885710286
1.374088061017936,1.2004613299380187,1.1908832053319813,1.763800277223879,1.6467271517242588,1.0176348435207796,1.6399873560839235,0.12538057904047048,2.6028935237554243,1.5060765948718677,1.077354983195502,0.9699717621306662
0.6425771880603474,-0.3550466969776921,-0.36118442310052656,-0.03510350138886001,0.2950916540335109,-0.3946540487249007,0.35656676519211616,-0.6328699743976981,0.7736638993593138,0.8884159688850906,1.0447417077348877,0.8734703125421983
0.6425771880603474,0.37093825528680563,0.3631948302634317,-0.17817644242380745,0.2950916540335109,0.24040203033859311,-0.2851435302537876,0.8904417661921555,0.7736638993593138,-0.34690528308846397,0.9795151568136587,0.7769688629537305
-0.08893368489724114,-0.013979940880277035,-0.020872022191284437,-0.4452459323557093,0.2950916540335109,0.0934860717492774,0.9982770606380199,0.4908845883325218,0.7736638993593138,-0.34690528308846397,0.6533824022075142,0.2944616150113912
-0.08893368489724114,-0.07732090986979696,-0.08407289664585797,0.29110280417082013,-1.056543843657237,-0.7974881287278631,-0.2851435302537876,-0.503467933840885,0.7736638993593138,0.8884159688850906,-1.8252265327991843,-0.4292992569021178
-0.08893368489724114,0.0798134170465121,0.07271388805875714,0.3693160119365914,0.2950916540335109,-0.02499454001629981,0.9982770606380199,-0.303689344911068,0.7736638993593138,0.2707553428983133,0.7512222285893576,0.43921378939409295
-1.5519554308124182,-1.0420525914024852,-1.0466708306462857,-1.2655307942894078,0.2950916540335109,0.47262402939912446,-1.568564121145595,-0.44898286413275307,-1.0555657250367967,-0.9645659090752412,0.03373016845583956,-0.6223021560790535
0.6425771880603474,-0.4122971881797582,-0.4183082903960065,-0.0503646150992544,0.2950916540335109,-0.17191049860561555,0.35656676519211616,-0.7214082126734124,0.7736638993593138,-0.34690528308846397,0.9142886058924299,0.6804674133652626
-0.8204445578548297,0.5061468621682809,0.4981043891953098,1.5444217676369596,0.2950916540335109,0.396796437869155,-0.2851435302537876,-0.9075655341761963,0.7736638993593138,2.123737220858645,-2.314425664708401,-1.6838181015522
0.6425771880603474,1.3807394724466524,1.370762617241152,0.6573695332202856,0.2950916540335109,0.6053223145765709,0.35656676519211616,1.7780943601871373,0.7736638993593138,-0.34690528308846397,0.5555425758256708,0.14970944062868938
0.6425771880603474,0.5804506911752177,0.5722438765362519,0.004956922100925274,1.6467271517242588,0.7285421508127712,0.9982770606380199,1.0629778202679065,0.7736638993593138,0.2707553428983133,1.077354983195502,0.9217210373364323
-0.08893368489724114,-0.4354410037720828,-0.4414009176005622,-0.08279448173384249,-2.408179341347985,-2.2571692656797744,-0.2851435302537876,-0.72594863514909,0.7736638993593138,1.5060765948718677,-1.8578398082597989,0.7769688629537305
-1.5519554308124182,-1.6121213123081646,-1.6154787007374476,-1.711918370318444,-1.056543843657237,-0.9017510670815712,-0.2851435302537876,-0.9802122937870388,-1.0555657250367967,-2.1998871610487956,-0.031496382465389355,0.8252195877479644
-0.08893368489724114,-0.22349237676868913,-0.2299210684641046,-0.6245640184528435,-1.056543843657237,-0.7785312308453708,-1.568564121145595,0.3138081117810932,-1.0555657250367967,0.2707553428983133,-1.5643203291142687,-1.6838181015522
-0.08893368489724114,1.9715158178296748,1.9602323116732323,2.5650087470195846,0.2950916540335109,0.6764106816359172,1.6399873560839235,0.6089355727001409,0.7736638993593138,2.7413978468454223,0.19679654575891184,0.48746451418832687
-0.08893368489724114,-0.013979940880277035,-0.020872022191284437,-0.15719241107201515,0.2950916540335109,0.7996305178721175,-0.9268538256996913,0.14808269141885874,-1.0555657250367967,0.2707553428983133,-0.2271760352290761,-1.008307954432925
-0.08893368489724114,-0.42813243042713817,-0.43410850900964987,-0.7848057124119846,0.2950916540335109,-0.17191049860561555,-0.9268538256996913,0.12311036780263164,-1.0555657250367967,-0.9645659090752412,-0.292402586150305,-1.1048094040213927
0.6425771880603474,0.8484317138231867,0.8396321915363707,1.0732348818285327,0.2950916540335109,0.47736325386974754,0.9982770606380199,0.29110599940270493,0.7736638993593138,-0.34690528308846397,0.425089473983213,-0.04329345854824633
-0.8204445578548297,-0.8495934933189438,-0.8546374044189277,-1.1148272963992634,0.2950916540335109,0.5863654166940786,-0.2851435302537876,-0.26963617634348563,-1.0555657250367967,-1.5822265350620184,0.26202309668014073,-0.28454708251941596
-0.08893368489724114,0.0006372058096121812,-0.0062872050094597755,0.15375278077727061,-1.056543843657237,-1.2334967800251873,0.35656676519211616,-0.1947192054948043,0.7736638993593138,0.2707553428983133,-1.4990937781930398,0.24621089021715725
-1.5519554308124182,-1.568269872238497,-1.5717242491919736,-0.4414306539281107,0.2950916540335109,0.18827056116173915,-0.2851435302537876,-2.4104453736255005,0.7736638993593138,-0.34690528308846397,-0.1293362088472327,-0.8635557800502232
-0.8204445578548297,-1.305161231820491,-1.3091975399191296,-1.311314135420591,-2.408179341347985,-2.2571692656797744,-1.568564121145595,-0.8848634217978081,-1.0555657250367967,-0.9645659090752412,-1.3360274008899675,-1.6838181015522
0.6425771880603474,0.27592680180252577,0.26839351858157134,0.8595792898830112,0.2950916540335109,0.04609382704304651,0.35656676519211616,-0.5216296237435956,0.7736638993593138,1.5060765948718677,-0.09672293338661826,-0.8153050552559892
0.6425771880603474,-0.7801620465419701,-0.7853595228052604,-1.0079995004265025,0.2950916540335109,0.5294947230466015,-0.2851435302537876,-0.2673659651056468,-1.0555657250367967,-0.34690528308846397,-0.32501586161091944,1.066473211719134
-0.08893368489724114,-0.8130506265942208,-0.818175361464366,-1.086212708192274,0.2950916540335109,-0.17191049860561555,-0.2851435302537876,-0.2355830077759032,0.7736638993593138,-0.9645659090752412,0.16418327029829738,-0.4292992569021178
1.374088061017936,1.2138603810704172,1.2042526210819873,2.2884010610186865,0.2950916540335109,-0.17191049860561555,0.35656676519211616,-0.47395518774898016,0.7736638993593138,2.123737220858645,-1.2708008499687387,0.43921378939409295
-0.8204445578548297,-0.6108467640507533,-0.6164187237824581,-0.6875161125082203,0.2950916540335109,0.0887468472786543,-1.568564121145595,-0.3332020910029728,-1.0555657250367967,-0.34690528308846397,-1.662160155496112,-1.6838181015522
-0.08893368489724114,0.10904771042629054,0.10188352242240648,0.6173091097305002,0.2950916540335109,-0.17191049860561555,0.35656676519211616,-0.5443317361219838,0.7736638993593138,0.2707553428983133,-0.2271760352290761,0.390963064599859
-0.08893368489724114,-0.09681043878964926,-0.10351931955495752,-0.5253667793352799,0.2950916540335109,0.2451412548092162,-1.568564121145595,0.43185909614871226,-1.0555657250367967,0.2707553428983133,-0.39024241253214836,-1.2495615784040945
-1.5519554308124182,-2.0360185663149517,-2.0384383990103627,-1.1739641120270417,-2.408179341347985,-2.2571692656797744,-1.568564121145595,-2.4104453736255005,-1.0555657250367967,-2.1998871610487956,-0.7816017180595218,-1.6838181015522
-0.8204445578548297,-0.6132829551657348,-0.6188495266460956,-0.9297862926607313,0.2950916540335109,0.47262402939912446,-0.2851435302537876,-0.049425686273119294,-1.0555657250367967,-0.34690528308846397,0.8164487795105865,0.5357152389825608
-0.08893368489724114,-0.3684457481100905,-0.3745538388505325,-0.0045812739680712216,0.2950916540335109,-0.17191049860561555,0.35656676519211616,-0.6941656778193465,0.7736638993593138,-0.9645659090752412,0.9469018813530443,0.7287181381594966
1.374088061017936,1.0920508253213403,1.082712477900115,1.763800277223879,0.2950916540335109,0.9797210477557948,0.35656676519211616,-0.07666822112718523,0.7736638993593138,1.5060765948718677,0.8816753304318155,0.6804674133652626
1.374088061017936,4.682996528804124,4.665715898901707,3.244128307132135,0.2950916540335109,0.3304472952804318,2.2816976515298273,4.85423058745875,2.6028935237554243,2.123737220858645,0.6859956776681286,0.390963064599859
0.6425771880603474,-0.6839324975001995,-0.6893428096915815,-0.6894237517220196,0.2950916540335109,-0.36147947743053904,0.9982770606380199,-0.4671445540354637,0.7736638993593138,-0.9645659090752412,1.1099682586561166,0.9699717621306662
-0.08893368489724114,0.36850206417182413,0.36076402739979424,0.6077709136615038,-1.056543843657237,-0.7643135574335016,-0.2851435302537876,-0.049425686273119294,0.7736638993593138,0.2707553428983133,-0.716375167138293,-1.6838181015522
-0.8204445578548297,-0.5523781772911965,-0.5580794550551595,-0.8649265593915552,0.2950916540335109,0.0887468472786543,0.35656676519211616,-0.013102306467698046,-1.0555657250367967,-0.34690528308846397,0.13156999483768292,-0.4775499816963517
0.6425771880603474,1.2479670566801586,1.2382838611729114,1.5577752421335547,1.6467271517242588,1.956001288704151,0.35656676519211616,0.4591016310027782,0.7736638993593138,0.2707553428983133,0.8164487795105865,0.5839659637767948
-0.8204445578548297,-1.0298716358275775,-1.0345168163280984,-1.2102092570892282,0.2950916540335109,0.47262402939912446,-0.9268538256996913,-0.49211687765169077,-1.0555657250367967,-1.5822265350620184,-0.716375167138293,0.8734703125421983
-0.08893368489724114,0.4720401865585394,0.4640731491043856,-0.06562572880964879,0.2950916540335109,0.15035676539675444,0.9982770606380199,0.9449268359002874,0.7736638993593138,0.2707553428983133,0.8490620549712009,0.6322166885710286
1.374088061017936,0.19309630389315352,0.18574622121789827,0.8405028977450183,1.6467271517242588,0.9655033743439256,0.35656676519211616,-0.6533018755382476,0.7736638993593138,0.8884159688850906,1.2404213604985743,1.2112253861018358
-0.08893368489724114,-0.7009858353050702,-0.7063584297370435,-0.998461304357506,0.2950916540335109,0.017658480219307982,-0.2851435302537876,-0.1311532908353171,-1.0555657250367967,-0.9645659090752412,-0.031496382465389355,-0.7188036056675213
-0.8204445578548297,-0.38671718147245204,-0.39278486032781335,-0.13620837972022287,-1.056543843657237,-0.9301864139053097,0.35656676519211616,-0.5715742709760497,-1.0555657250367967,0.2707553428983133,-0.7489884425989074,-1.6838181015522
-0.08893368489724114,0.14193629047854125,0.13469936108151195,0.20525903954985167,0.2950916540335109,-0.17191049860561555,-0.9268538256996913,0.0073295946728514074,-1.0555657250367967,-0.34690528308846397,-1.5643203291142687,-1.6838181015522
-0.08893368489724114,-0.26003524349341217,-0.2663831114186663,-0.13239310129262427,-1.056543843657237,-0.6932251903741552,-0.9268538256996913,-0.3400127247164893,-1.0555657250367967,-0.34690528308846397,-0.7489884425989074,-1.6838181015522
-0.08893368489724114,-0.16502379000913225,-0.17158179973680596,-0.5787806773216603,0.2950916540335109,-0.3520010284892929,0.9982770606380199,0.3682931814892251,0.7736638993593138,-0.9645659090752412,0.9142886058924299,0.6804674133652626
0.6425771880603474,0.3465763441369903,0.33888680162705725,-0.0408264190302579,0.2950916540335109,-0.17191049860561555,-0.2851435302537876,0.6815823323109833,0.7736638993593138,-0.34690528308846397,1.1099682586561166,0.9699717621306662
-0.8204445578548297,2.0567825068540286,2.0453104119005427,1.1609862856633004,0.2950916540335109,0.2451412548092162,-0.2851435302537876,2.438725830398236,0.7736638993593138,0.2707553428983133,-0.651148616217064,-1.635567376757966
0.6425771880603474,-0.5743038973260303,-0.5799566808278965,-0.21251394827219483,0.2950916540335109,0.036615378101800336,1.6399873560839235,-0.8303783520896761,0.7736638993593138,-0.34690528308846397,0.9142886058924299,0.6804674133652626
2.837109806933113,3.267569490999852,3.253419435128352,2.1090829749215523,1.6467271517242588,1.5531672087011885,1.6399873560839235,3.567020815604134,0.7736638993593138,0.8884159688850906,0.9795151568136587,0.8252195877479644
1.374088061017936,0.42940684204636254,0.4215340989907303,-0.11331670915463127,1.6467271517242588,1.9986543089397588,-0.2851435302537876,0.9222247235218991,0.7736638993593138,-0.34690528308846397,1.20780808503796,1.162974661307602
-0.8204445578548297,-1.263745982865805,-1.267873891237293,-1.439125962745144,-1.056543843657237,-1.119755392730233,-1.568564121145595,-0.6555720867760864,-1.0555657250367967,-1.5822265350620184,-0.5859220652958351,-1.5390659271694982
-0.8204445578548297,-0.7935610976743686,-0.7987289385552664,-0.4299848186453149,-1.056543843657237,-0.9301864139053097,0.35656676519211616,-0.9802122937870388,0.7736638993593138,-0.34690528308846397,0.0011168929952251002,-0.6705528808732875
-0.8204445578548297,-0.9543497112631499,-0.9591619275553377,-1.1968557825926331,0.2950916540335109,0.47262402939912446,-0.9268538256996913,-0.3672552595705552,-1.0555657250367967,-0.9645659090752412,-0.651148616217064,0.7287181381594966
-0.08893368489724114,-0.9689668579530392,-0.9737467447371624,-1.189225225737436,-1.056543843657237,-1.4041088609676184,-1.568564121145595,-0.4035786393759765,-1.0555657250367967,-1.5822265350620184,-1.4664805027324255,0.9217210373364323
-0.08893368489724114,1.34541470127942,1.3355159757184092,0.6039556352339052,0.2950916540335109,0.30201194845669327,0.9982770606380199,1.7758241489492985,0.7736638993593138,0.2707553428983133,-0.06410965792600382,-0.7670543304617553
0.6425771880603474,0.41966207758643637,0.41181088753618056,0.05264790244590775,0.2950916540335109,-0.21930274331184643,-0.2851435302537876,0.7065546559272105,0.7736638993593138,0.2707553428983133,1.1099682586561166,1.0182224869249001
-0.8204445578548297,0.01281816138451986,0.005866809308727443,-0.43952301471431143,0.2950916540335109,0.10296452069052357,-0.9268538256996913,0.5340186018514596,-1.0555657250367967,-0.9645659090752412,-0.5533087898352207,0.24621089021715725
-1.5519554308124182,-1.284453607343148,-1.2885357155782113,0.003049282887125975,-1.056543843657237,-1.119755392730233,-0.2851435302537876,-2.4104453736255005,0.7736638993593138,1.5060765948718677,-0.8468282689807507,-1.6838181015522
-2.2834663037700067,-1.0359621136150314,-1.040593823487192,0.392207682502183,0.2950916540335109,-0.11503980495813848,-0.2851435302537876,-2.4104453736255005,0.7736638993593138,0.8884159688850906,-0.5206955143746061,-1.4425644775810302
-0.08893368489724114,-0.050522807605000074,-0.057334065145846096,0.34833198058479914,0.2950916540335109,0.14087831645550827,0.35656676519211616,-0.5216296237435956,0.7736638993593138,0.2707553428983133,0.7186089531287432,0.390963064599859
-0.08893368489724114,-0.15893331222167842,-0.16550479257771233,0.6497389763650884,0.2950916540335109,0.0034408068074387173,1.6399873560839235,-1.0823717994897861,2.6028935237554243,0.2707553428983133,0.425089473983213,0.8734703125421983
-0.8204445578548297,-0.40377051927732277,-0.40980048037327543,-0.7657293202739915,0.2950916540335109,0.036615378101800336,0.9982770606380199,0.14581248018101992,0.7736638993593138,-0.9645659090752412,0.19679654575891184,-0.38104853210788386
0.6425771880603474,-1.1334097582142928,-1.1378259380326898,-0.8115126614051748,0.2950916540335109,0.017658480219307982,0.35656676519211616,-1.1595589815763063,0.7736638993593138,-1.5822265350620184,1.077354983195502,0.9217210373364323
-0.08893368489724114,0.27470870624503496,0.26717811714975265,0.7355827409860568,0.2950916540335109,-0.6363544967266782,-0.9268538256996913,-0.3763361045219105,-1.0555657250367967,1.5060765948718677,-1.4012539518111964,-1.6838181015522
1.374088061017936,0.6133392712274685,0.6050597151953573,0.07553957301149934,1.6467271517242588,0.8138481912839868,0.9982770606380199,1.0402757078895182,0.7736638993593138,0.2707553428983133,1.1425815341167311,1.0182224869249001
-0.8204445578548297,-0.5889210440159195,-0.5945414980097211,-0.9107099005227383,-1.056543843657237,-0.6553113946091705,-1.568564121145595,-0.026723573894731015,-1.0555657250367967,-0.9645659090752412,-0.4880822389139917,-1.3943137527867964
1.374088061017936,0.7022602469242946,0.693784019718124,0.10033888279089023,1.6467271517242588,1.6763870449373888,-0.2851435302537876,1.176488382159848,0.7736638993593138,0.2707553428983133,1.1751948095773455,1.1147239365133679
1.374088061017936,0.03718007253433522,0.03017483794510188,-0.40709314807972335,0.2950916540335109,0.3588826421041703,0.9982770606380199,0.540829235564976,0.7736638993593138,-0.34690528308846397,1.2404213604985743,1.162974661307602
-0.08893368489724114,2.0933253735787516,2.081772454855104,2.4123976099156406,0.2950916540335109,0.2072274590442315,-0.2851435302537876,1.01757359551113,0.7736638993593138,0.8884159688850906,-1.662160155496112,-1.6838181015522
-0.08893368489724114,-0.34042955028780286,-0.3465996059187019,0.30636391788121453,0.2950916540335109,0.6005830901059478,1.6399873560839235,-1.0119952511167825,0.7736638993593138,0.8884159688850906,0.8490620549712009,0.5839659637767948
-0.08893368489724114,-0.14553426108927997,-0.1521353768277064,-0.5635195636112659,0.2950916540335109,0.18827056116173915,-0.2851435302537876,0.3864548713919357,0.7736638993593138,-0.34690528308846397,0.425089473983213,-0.04329345854824633
-0.08893368489724114,-0.9665306668380576,-0.971315941873525,-0.5692424812526637,0.2950916540335109,-0.0676475602519076,-0.9268538256996913,-1.136856869197918,-1.0555657250367967,-0.9645659090752412,0.2946363721407552,-0.23629635772518207
-2.2834663037700067,0.11392009265625361,0.10674512814968136,0.3273479492330068,0.2950916540335109,-0.2666949880180773,0.9982770606380199,-0.19017878301912663,0.7736638993593138,0.2707553428983133,-2.314425664708401,-0.7188036056675213
-1.5519554308124182,-0.8666468311238146,-0.8716530244643897,-1.1281807708958584,0.2950916540335109,0.47262402939912446,-1.568564121145595,-0.2855276550083574,-1.0555657250367967,-1.5822265350620184,-0.5859220652958351,-1.5390659271694982
0.6425771880603474,0.25765536844016423,0.25016249710429056,0.8023501134690323,0.2950916540335109,-0.20034584542935407,0.35656676519211616,-0.4875764551760131,0.7736638993593138,0.8884159688850906,1.077354983195502,0.9699717621306662
2.1055989339755246,1.3429785101644385,1.3330851728547717,1.3288585364776389,1.6467271517242588,1.2403783936400647,1.6399873560839235,0.9086034560948661,0.7736638993593138,2.123737220858645,1.077354983195502,0.9699717621306662
-0.8204445578548297,0.511019244398244,0.5029659949225846,0.9053626310141945,1.6467271517242588,1.8706952482329355,-0.2851435302537876,-0.1379639245488336,0.7736638993593138,0.8884159688850906,-0.716375167138293,-1.6838181015522
-0.08893368489724114,0.2856715662624519,0.27811673003612114,0.8881938780900007,0.2950916540335109,0.0887468472786543,0.35656676519211616,-0.5375211024084673,0.7736638993593138,0.8884159688850906,0.0011168929952251002,-0.6705528808732875
0.6425771880603474,0.2357296484053304,0.22828527133155355,0.6363855018684933,0.2950916540335109,0.07452917386678504,1.6399873560839235,-0.330931879765134,0.7736638993593138,0.8884159688850906,1.0121284322742732,0.8252195877479644
-0.8204445578548297,-0.6108467640507533,-0.6164187237824581,-0.927878653446932,-1.056543843657237,-0.9775786586115405,-0.2851435302537876,-0.04715547503528047,-1.0555657250367967,-0.34690528308846397,-0.39024241253214836,-1.2495615784040945
-0.08893368489724114,-0.7765077598694978,-0.7817133185098043,-1.0327988102058934,-1.056543843657237,-1.4041088609676184,-1.568564121145595,-0.23104258530022553,-1.0555657250367967,-0.9645659090752412,-1.4664805027324255,-1.6838181015522
0.6425771880603474,0.27592680180252577,0.26839351858157134,-0.2334979796239871,0.2950916540335109,0.008180031278061805,-0.2851435302537876,0.779201415538053,0.7736638993593138,-0.34690528308846397,1.0447417077348877,0.8734703125421983
0.6425771880603474,-0.1601514077791692,-0.16672019400953106,-0.5749653988940616,1.6467271517242588,1.2498568425813108,-0.2851435302537876,0.3728336039649027,0.7736638993593138,-0.34690528308846397,1.2404213604985743,1.162974661307602
-0.08893368489724114,-1.132191662656802,-1.1366105366008712,-1.3151294138481897,-1.056543843657237,-0.9538825362584251,-0.2851435302537876,-0.5579530035490168,-1.0555657250367967,-0.9645659090752412,-1.7273867064173412,0.7287181381594966
-2.2834663037700067,-1.0420525914024852,-1.0466708306462857,-1.2655307942894078,-1.056543843657237,-1.3093243715551568,-0.2851435302537876,-0.44898286413275307,-1.0555657250367967,-0.9645659090752412,-1.8578398082597989,-1.6838181015522
-0.8204445578548297,-0.6961134530751071,-0.7014968240097686,-0.9946460259299075,-2.408179341347985,-2.2571692656797744,-1.568564121145595,-0.12661286835963945,-1.0555657250367967,-0.9645659090752412,-0.39024241253214836,-1.2495615784040945
2.1055989339755246,1.340542319049457,1.3306543699911342,0.6001403568063066,1.6467271517242588,1.9796974110572665,0.35656676519211616,1.7712837264736208,-2.884795349432907,-0.9645659090752412,0.32724964760136965,0.10145871583445545
1.374088061017936,1.0189650918718942,1.0097883919909918,0.34833198058479914,1.6467271517242588,1.84699912587982,0.9982770606380199,1.4716158430788955,0.7736638993593138,-0.34690528308846397,1.1751948095773455,1.1147239365133679
1.374088061017936,0.9994755629520419,0.9903419690818922,1.4032564658158115,0.2950916540335109,-0.2666949880180773,0.35656676519211616,0.17986564874860234,0.7736638993593138,2.123737220858645,0.8816753304318155,0.6322166885710286
-1.5519554308124182,0.5889773600776531,0.5807516865589829,1.4547627245883925,0.2950916540335109,0.396796437869155,-0.2851435302537876,-0.646491241824731,0.7736638993593138,2.7413978468454223,-2.803624796617618,-1.6838181015522
-1.5519554308124182,-0.46711148826684273,-0.473001354827849,-0.8153279398327733,-1.056543843657237,-0.7785312308453708,-0.2851435302537876,0.0867869879972104,-1.0555657250367967,-0.34690528308846397,-0.35762913707153393,-1.2013108536098607
-0.08893368489724114,0.8995917272377989,0.890679051672757,1.1247411406011139,0.2950916540335109,0.34940419316292415,0.35656676519211616,0.3251591679702873,0.7736638993593138,0.2707553428983133,-0.031496382465389355,-0.7188036056675213
-1.5519554308124182,-1.158989764921599,-1.163349368100883,-1.0823974297646752,-1.056543843657237,-0.8922726181403249,-1.568564121145595,-0.8848634217978081,-1.0555657250367967,-0.9645659090752412,-0.4880822389139917,-1.3943137527867964
0.6425771880603474,0.17360677497330124,0.16629979830879874,0.47042089026795425,0.2950916540335109,-0.03921221342816907,-0.2851435302537876,-0.24920427520293617,0.7736638993593138,0.8884159688850906,-1.3034141254293532,-1.6838181015522
-0.08893368489724114,-0.5109629283365104,-0.516755806373323,-0.8496654456811608,-1.056543843657237,-1.119755392730233,-1.568564121145595,0.04592318571611149,-1.0555657250367967,-0.9645659090752412,-0.7489884425989074,-1.6838181015522
-0.8204445578548297,-0.654698204120421,-0.6601731753279322,-0.7733598771291887,0.2950916540335109,0.2451412548092162,-0.2851435302537876,-0.31277018986242333,-1.0555657250367967,-0.34690528308846397,-0.7489884425989074,0.9699717621306662
1.374088061017936,0.11270199709876283,0.10552972671786263,-0.36130980694854015,0.2950916540335109,0.501059376222863,0.9982770606380199,0.6270972626028515,0.7736638993593138,-0.34690528308846397,0.9795151568136587,0.7769688629537305
-0.08893368489724114,0.05423341033920597,0.04719045799056398,0.43608338441956684,0.2950916540335109,-0.2572165390768311,1.6399873560839235,-0.4308211742300424,0.7736638993593138,0.2707553428983133,0.8164487795105865,0.5839659637767948
-0.08893368489724114,0.02499911695942754,0.01802082362691466,-0.4299848186453149,-1.056543843657237,-0.7927489042572401,0.35656676519211616,0.5453696580406536,0.7736638993593138,0.2707553428983133,-0.2271760352290761,0.2944616150113912
-1.5519554308124182,-0.8301039643990916,-0.8351909815098281,-1.099566182688869,-1.056543843657237,-0.7074428637860245,-1.568564121145595,-0.251474486440775,-1.0555657250367967,-0.34690528308846397,-1.140347748126281,-1.6838181015522
-0.08893368489724114,-1.3563212452351034,-1.3602444000555158,-1.030891170992094,-1.056543843657237,-1.006014005435279,-0.9268538256996913,-1.3139333457493465,-1.0555657250367967,-0.9645659090752412,0.06634344391645401,-0.5740514312848196
-0.8204445578548297,-0.4914733994166581,-0.49730938346422343,-0.8344043319707664,0.2950916540335109,-0.12451825389938466,0.35656676519211616,0.0640848756188221,-1.0555657250367967,-0.9645659090752412,1.1099682586561166,1.0182224869249001
-0.8204445578548297,0.005509588039575253,-0.0014255992821848884,0.1461222239220734,0.2950916540335109,0.8707188849314639,-0.2851435302537876,-0.17655751559209368,0.7736638993593138,-0.34690528308846397,-0.9772813708232085,-1.2013108536098607
-0.08893368489724114,-0.3842809903574705,-0.3903540574641759,-0.02938058374746211,0.2950916540335109,-0.17191049860561555,0.35656676519211616,-0.6941656778193465,0.7736638993593138,-1.5822265350620184,0.9469018813530443,0.7287181381594966
-0.08893368489724114,-0.041996138702564696,-0.04882625512311504,0.09461596514949233,-1.056543843657237,-0.7785312308453708,-1.568564121145595,-0.20380005044615962,-1.0555657250367967,-0.34690528308846397,-1.0425079217444375,-1.6838181015522
0.6425771880603474,0.9446612628649573,0.9356489046500497,1.2201231012910787,0.2950916540335109,0.19774901010298532,1.6399873560839235,0.2956464218783826,0.7736638993593138,1.5060765948718677,0.09895671937706847,0.8734703125421983
-0.08893368489724114,-1.054233546977393,-1.0588248449644728,-0.6016723478872519,0.2950916540335109,0.07452917386678504,-0.2851435302537876,-1.2617184872790534,-1.0555657250367967,-0.34690528308846397,0.19679654575891184,0.48746451418832687
-0.8204445578548297,-0.7862525243294239,-0.7914365299643541,-1.0652286768404815,0.2950916540335109,-0.17191049860561555,-0.9268538256996913,-0.2106106841596761,-1.0555657250367967,-0.9645659090752412,0.13156999483768292,-0.4775499816963517
-0.08893368489724114,-1.174825007168979,-1.1791495867145263,-0.8687418378191537,0.2950916540335109,0.23092358139734695,-0.2851435302537876,-1.1686398265276616,-1.0555657250367967,-0.9645659090752412,1.1099682586561166,0.9699717621306662
1.374088061017936,0.5512163977954393,0.5430742421726025,-0.017934748464666316,0.2950916540335109,0.5294947230466015,-0.9268538256996913,1.0357352854138406,-1.0555657250367967,-0.34690528308846397,1.0447417077348877,0.9217210373364323
-0.8204445578548297,-0.25272667014846756,-0.2590907028277539,-0.647455689018435,-1.056543843657237,-0.7785312308453708,-1.568564121145595,0.2865655769270273,-1.0555657250367967,-0.34690528308846397,-0.292402586150305,-1.1048094040213927
0.6425771880603474,0.4878754288059194,0.47987336771802896,0.8214265056070252,1.6467271517242588,2.178744838823436,0.35656676519211616,-0.0812086436028629,0.7736638993593138,1.5060765948718677,1.1099682586561166,0.9699717621306662
-0.08893368489724114,-0.5426334128312703,-0.5483562436006097,-0.8744647554605516,0.2950916540335109,-0.17191049860561555,-0.2851435302537876,0.01641043962420672,0.7736638993593138,-1.5822265350620184,0.19679654575891184,-0.38104853210788386
1.374088061017936,1.1663546543282772,1.1568519652410572,0.49712783926114446,0.2950916540335109,0.21670590798547767,-0.2851435302537876,1.569234926305965,0.7736638993593138,0.2707553428983133,0.9795151568136587,0.7769688629537305
-0.8204445578548297,0.9556241228823743,0.9465875175364181,1.6913099870995056,0.2950916540335109,0.2072274590442315,-0.2851435302537876,-0.24466385272725852,0.7736638993593138,2.123737220858645,-2.314425664708401,-0.7188036056675213
-2.2834663037700067,-2.2698929133531793,-2.2717954739195574,-1.540230841076507,-1.056543843657237,-0.897011842610948,-1.568564121145595,-2.4104453736255005,-1.0555657250367967,-1.5822265350620184,-0.716375167138293,-1.6838181015522
-0.08893368489724114,-0.07488471875481544,-0.08164209378222054,-0.5081980264110861,0.2950916540335109,-0.20508506989997716,-0.2851435302537876,0.4522909972892617,-1.0555657250367967,-0.34690528308846397,-0.4228556879927628,-1.2978123031983284
-0.8204445578548297,-1.2101497783362112,-1.2143962282372693,-1.2445467629376157,-1.056543843657237,-1.4041088609676184,-0.2851435302537876,-0.7872443385707384,-1.0555657250367967,-0.9645659090752412,-1.3034141254293532,0.390963064599859
-0.8204445578548297,-1.5098012854789402,-1.5133849804646748,-1.6317975233388733,-1.056543843657237,-1.119755392730233,-1.568564121145595,-0.8848634217978081,-1.0555657250367967,-1.5822265350620184,-1.009894646283823,0.5839659637767948
-0.08893368489724114,-0.8020877665768039,-0.8072367485779974,-1.0442446454886893,-2.408179341347985,-2.2571692656797744,0.9982770606380199,-0.265095753867808,0.7736638993593138,-1.5822265350620184,0.13156999483768292,-0.4775499816963517
-2.2834663037700067,-0.8495934933189438,-0.8546374044189277,-0.5978570694596532,1.6467271517242588,2.178744838823436,-1.568564121145595,-0.8848634217978081,-1.0555657250367967,-0.34690528308846397,-1.8252265327991843,-1.6838181015522
-0.8204445578548297,0.47325828211603016,0.4652885505362043,-0.07897920330624389,0.2950916540335109,0.017658480219307982,-0.2851435302537876,0.9630885258029981,-1.0555657250367967,0.2707553428983133,-0.2271760352290761,0.6804674133652626
-0.08893368489724114,-0.2539447657059583,-0.2603061042595726,0.2529500198948342,-1.056543843657237,-1.119755392730233,-0.9268538256996913,-0.7872443385707384,-1.0555657250367967,-0.34690528308846397,-1.2055742990475098,0.48746451418832687
0.6425771880603474,-0.2174018989812353,-0.223844061305011,-0.5921341518182553,0.2950916540335109,0.09822529621990048,0.9982770606380199,0.2865655769270273,0.7736638993593138,-0.34690528308846397,0.6207691267468998,0.2944616150113912
0.6425771880603474,-0.3842809903574705,-0.3903540574641759,0.06981665537010144,-1.056543843657237,-1.1481907395539717,-0.9268538256996913,-0.8122166621869655,-1.0555657250367967,0.2707553428983133,-0.9772813708232085,-1.6838181015522
0.6425771880603474,-0.3721000347825628,-0.37820004314598865,-0.07134864645104669,0.2950916540335109,-0.41835017107801614,1.6399873560839235,-0.621518918208504,0.7736638993593138,0.8884159688850906,1.077354983195502,0.9699717621306662
1.374088061017936,1.9191377088575718,1.9079700501050272,3.179268573862959,0.2950916540335109,-0.4562639668430008,0.35656676519211616,-0.2196915291110314,0.7736638993593138,2.123737220858645,-1.2055742990475098,0.6322166885710286
0.6425771880603474,0.49640209770835475,0.48838117774076,-0.0503646150992544,0.2950916540335109,0.47736325386974754,0.9982770606380199,0.9721693707543534,0.7736638993593138,-0.34690528308846397,0.9142886058924299,0.6804674133652626
0.6425771880603474,-0.7350925109148116,-0.7403896698279678,-0.39564731279692755,0.2950916540335109,-0.36147947743053904,0.35656676519211616,-0.912105956651874,0.7736638993593138,-0.34690528308846397,1.0447417077348877,0.8734703125421983
1.374088061017936,1.5269109393455444,1.5166107890593987,2.069022551431767,1.6467271517242588,0.9465464764614332,1.6399873560839235,0.3705633927270639,0.7736638993593138,0.8884159688850906,0.8816753304318155,0.6804674133652626
1.374088061017936,1.822908159815801,2.288390698264287,3.0228421583314167,0.2950916540335109,1.5105141884655808,1.6399873560839235,0.6770419098353057,0.7736638993593138,0.8884159688850906,-1.7273867064173412,0.24621089021715725
-1.5519554308124182,-0.04808661649001854,0.5297048264225965,1.3403043717604346,-1.056543843657237,-0.17191049860561555,-0.2851435302537876,-0.6056274395436322,-1.0555657250367967,2.123737220858645,-1.9230663591810278,-1.6838181015522
0.6425771880603474,0.7290583491890914,0.7205228512181359,0.9435154152901805,0.2950916540335109,0.1361390919848852,0.35656676519211616,0.2229996622675401,0.7736638993593138,0.8884159688850906,0.19679654575891184,-0.38104853210788386
0.6425771880603474,0.5780145000602362,0.5698130736726144,1.4032564658158115,0.2950916540335109,0.2972727239860702,1.6399873560839235,-0.6056274395436322,0.7736638993593138,1.5060765948718677,0.19679654575891184,0.43921378939409295
0.6425771880603474,-0.020070418667730874,-0.02694902935037805,0.1995361219084538,0.2950916540335109,-0.0676475602519076,0.35656676519211616,-0.28779786624619624,0.7736638993593138,0.8884159688850906,0.8816753304318155,0.6322166885710286
1.374088061017936,-0.04321423426005547,-0.05004165655493376,-0.4566917676385051,0.2950916540335109,0.11244296963176974,0.35656676519211616,0.45002078605142287,-1.0555657250367967,-1.5822265350620184,0.8164487795105865,0.5357152389825608
-0.08893368489724114,-0.5158353105664735,-0.5216174121005979,-0.8534807241087593,-1.056543843657237,-0.8922726181403249,-1.568564121145595,0.04138276324043383,-1.0555657250367967,-0.9645659090752412,-0.4228556879927628,-1.2978123031983284
-0.08893368489724114,0.972677460687245,0.9636031375818803,0.32925558844680614,0.2950916540335109,0.3209688463391856,0.9982770606380199,1.4080499284194083,0.7736638993593138,0.2707553428983133,1.0447417077348877,0.8734703125421983
-0.08893368489724114,-0.7996515754618224,-0.80480594571436,-0.4147237049349205,-1.056543843657237,-0.37095792637178526,-0.2851435302537876,-1.0097250398789437,0.7736638993593138,-0.34690528308846397,-1.5317070536536543,-1.6838181015522
-1.5519554308124182,-0.5475057950612334,-0.5532178493278846,-0.8782800338881502,0.2950916540335109,-0.19086739648810788,-0.2851435302537876,0.011870017148529064,0.7736638993593138,-1.5822265350620184,-0.6837618916776784,0.48746451418832687
-0.08893368489724114,0.4440239887362517,0.436118916172555,0.7641973291930463,-1.056543843657237,-0.17191049860561555,-0.2851435302537876,-0.09482991102989585,0.7736638993593138,1.5060765948718677,-1.9882929101022566,-1.6838181015522
0.6425771880603474,1.9398453333349148,1.9286318744459454,2.3971364962052464,0.2950916540335109,0.41575333575164736,2.923407946975731,0.7496886694461482,2.6028935237554243,3.3590584728321997,0.2294098212195263,-0.3327978073136499
0.6425771880603474,0.7570745470113791,0.7484770841499665,1.086588356325128,0.2950916540335109,0.505798600693486,1.6399873560839235,0.10494867789992102,0.7736638993593138,0.8884159688850906,0.8816753304318155,0.6322166885710286
-0.08893368489724114,-1.158989764921599,-1.163349368100883,-1.3570974765517743,-1.056543843657237,-0.20982429437060024,-1.568564121145595,-0.5579530035490168,-1.0555657250367967,-0.9645659090752412,-1.3360274008899675,1.066473211719134
-0.08893368489724114,1.156609889868351,1.1471287537865074,0.8118883095380288,0.2950916540335109,0.11718219410239283,1.6399873560839235,1.176488382159848,0.7736638993593138,1.5060765948718677,0.6859956776681286,0.3427123398056251
1.374088061017936,0.7022602469242946,0.693784019718124,0.25104238068103485,0.2950916540335109,0.10770374516114666,0.9982770606380199,0.9971416943705804,0.7736638993593138,-0.9645659090752412,0.9469018813530443,0.7287181381594966
-0.8204445578548297,1.167572749885768,1.1580673666728758,0.4799590863369507,0.2950916540335109,-0.10556135601689232,0.35656676519211616,1.5919370386843534,-1.0555657250367967,-0.34690528308846397,-0.5206955143746061,-0.5258007064905856
0.6425771880603474,-0.1065552032495754,-0.1132425310095073,-0.5329973361904771,0.2950916540335109,-0.18138894754686172,-0.2851435302537876,0.42277825119735696,0.7736638993593138,-0.9645659090752412,1.1099682586561166,1.0182224869249001
0.6425771880603474,0.4903116199209009,0.4823041705816664,0.7661049684068456,0.2950916540335109,0.8233266402252329,1.6399873560839235,-0.010832095229859218,0.7736638993593138,0.2707553428983133,0.9795151568136587,0.7769688629537305
-0.08893368489724114,-0.07244852763983389,-0.07921129091858309,-0.5062903871972869,0.2950916540335109,-0.07712600919315378,0.35656676519211616,0.4545612085271005,0.7736638993593138,-0.34690528308846397,0.16418327029829738,-0.4292992569021178
0.6425771880603474,1.676736692916909,1.6661051651731016,2.229264245390908,1.6467271517242588,1.4962965150537115,1.6399873560839235,0.4591016310027782,0.7736638993593138,2.123737220858645,1.1751948095773455,1.066473211719134
-0.8204445578548297,-0.9689668579530392,-0.9737467447371624,-1.208301617875429,-1.056543843657237,-0.6647898435504167,-0.2851435302537876,-0.38087652699758817,-1.0555657250367967,-0.9645659090752412,-0.19456275976846163,1.162974661307602
-0.08893368489724114,-0.23080095011363375,-0.23721347705501694,0.7336751017722575,0.2950916540335109,0.9275895785789409,-0.2851435302537876,-1.3162035569871853,0.7736638993593138,0.2707553428983133,-2.151359287405329,0.7287181381594966
-0.8204445578548297,-0.9628763801655853,-0.9676697375780687,-1.0728592336956788,-1.056543843657237,-0.8354019244928479,-0.2851435302537876,-0.5307104686949509,-1.0555657250367967,-0.34690528308846397,-0.19456275976846163,-0.960057229638691
-0.08893368489724114,0.1857877305482089,0.17845381262698595,0.5658028509579192,-2.408179341347985,-2.2571692656797744,0.9982770606380199,-0.3400127247164893,0.7736638993593138,0.8884159688850906,0.0011168929952251002,-0.6705528808732875
1.374088061017936,1.1651365587707865,1.1556365638092383,0.4952202000473451,1.6467271517242588,1.2877706383462957,-0.2851435302537876,1.569234926305965,0.7736638993593138,0.2707553428983133,0.9795151568136587,0.8252195877479644
-1.5519554308124182,0.3611934908268795,0.3534716188088819,-0.16673060714101165,-2.408179341347985,-2.2571692656797744,-0.2851435302537876,0.858658808862412,0.7736638993593138,0.8884159688850906,-0.5206955143746061,-1.4425644775810302
-0.08893368489724114,-0.3647914614376182,-0.37090763455507636,-0.5253667793352799,-1.056543843657237,-0.8922726181403249,-1.568564121145595,-0.06758737617582992,-1.0555657250367967,-0.34690528308846397,-0.6837618916776784,-1.6838181015522
1.374088061017936,1.692571935164289,1.6819053837867448,0.876748042807205,0.2950916540335109,1.0176348435207796,0.9982770606380199,2.098194144722412,0.7736638993593138,0.2707553428983133,0.7512222285893576,0.43921378939409295
-1.5519554308124182,-0.32215811692544133,-0.3283685844414211,-0.6608091635150302,0.2950916540335109,0.5294947230466015,0.9982770606380199,0.17305501503508586,0.7736638993593138,-0.34690528308846397,0.03373016845583956,-0.6223021560790535
-0.08893368489724114,0.17604296608828277,0.16873060117243618,0.5047583961163417,0.2950916540335109,-0.11977902942876158,1.6399873560839235,-0.2855276550083574,0.7736638993593138,0.8884159688850906,0.9469018813530443,0.7287181381594966
-0.8204445578548297,-1.0420525914024852,-1.0466708306462857,-1.2655307942894078,-2.408179341347985,-2.2571692656797744,-1.568564121145595,-0.44898286413275307,-1.0555657250367967,-1.5822265350620184,-1.5969336045748832,-1.6838181015522
-0.8204445578548297,-0.4086429015072859,-0.41466208610055033,-0.761914041846393,0.2950916540335109,0.23092358139734695,0.9982770606380199,0.13219121275398696,0.7736638993593138,-0.34690528308846397,-0.2597893106896905,-1.0565586792271588
1.374088061017936,0.5646154489278378,0.5564436579226084,0.8233341448208246,1.6467271517242588,2.600535816708891,0.35656676519211616,0.05954445314314445,0.7736638993593138,0.8884159688850906,1.1425815341167311,1.0182224869249001
-0.08893368489724114,0.01403625694201063,0.0070822107405461646,0.5944174391649087,0.2950916540335109,-0.16243204966436936,-0.9268538256996913,-0.6941656778193465,-1.0555657250367967,0.2707553428983133,-0.16194948430784717,-0.911806504844457
-0.8204445578548297,-0.9787116224129653,-0.9834699561917122,-1.189225225737436,-1.056543843657237,-0.3235656816655544,-1.568564121145595,-0.4217403292786871,-1.0555657250367967,-0.34690528308846397,-0.16194948430784717,-0.911806504844457
-0.8204445578548297,-0.6132829551657348,-0.6188495266460956,-0.9297862926607313,0.2950916540335109,0.036615378101800336,-0.2851435302537876,-0.049425686273119294,0.7736638993593138,-0.9645659090752412,0.19679654575891184,1.1147239365133679
-0.08893368489724114,-0.9104982711934823,-0.9154074760098637,-1.1625182767442457,-1.056543843657237,-1.006014005435279,-0.2851435302537876,-0.32639145728945634,0.7736638993593138,-0.9645659090752412,0.26202309668014073,-0.28454708251941596
-0.08893368489724114,0.11270199709876283,0.10552972671786263,-0.014119470037067717,-1.056543843657237,-0.5320915583729703,-0.2851435302537876,0.21391881731618476,-1.0555657250367967,0.2707553428983133,-0.5206955143746061,-0.6223021560790535
0.6425771880603474,0.26009155955514573,0.252593299967928,-0.22205214434119133,0.2950916540335109,0.3209688463391856,-0.2851435302537876,0.7360674020191152,0.7736638993593138,-0.34690528308846397,0.19679654575891184,-0.38104853210788386
-0.08893368489724114,0.2552191773251827,0.24773169424065308,1.0121904269869553,0.2950916540335109,-0.3804363753130314,-0.9268538256996913,-0.7418401138139619,-1.0555657250367967,0.8884159688850906,-1.7599999818779555,-1.6838181015522
-0.08893368489724114,0.38311921086171336,0.3753488445816189,1.284982834560255,0.2950916540335109,-0.20982429437060024,-0.2851435302537876,-0.8281081408518374,0.7736638993593138,0.8884159688850906,-0.16194948430784717,-0.911806504844457
0.6425771880603474,-0.2210561856537076,-0.22749026560046715,0.24531946303963695,0.2950916540335109,-0.37569715084240835,0.35656676519211616,-0.7168677901977347,0.7736638993593138,0.2707553428983133,1.0447417077348877,0.9217210373364323
0.6425771880603474,0.4781306643459932,0.47015015626347917,-0.0637180895958495,0.2950916540335109,0.178792112220493,0.9982770606380199,0.9540076808516428,0.7736638993593138,-0.9645659090752412,0.8816753304318155,0.6322166885710286
-0.08893368489724114,-0.45005815046197195,-0.45598573478238685,0.06981665537010144,0.2950916540335109,-0.0012984176631843708,0.35656676519211616,-0.9348080690302623,0.7736638993593138,0.2707553428983133,0.2946363721407552,-0.18804563293094811
-0.08893368489724114,-0.7570182309496455,-0.7622668956007048,-1.04233700627489,0.2950916540335109,0.47262402939912446,0.35656676519211616,-0.18336814930561016,-1.0555657250367967,-0.9645659090752412,0.0011168929952251002,-0.6705528808732875
-0.08893368489724114,-0.5840486617859565,-0.5896798922824463,-0.0484569758854551,-1.056543843657237,-1.4041088609676184,-0.9268538256996913,-1.043778208446526,-1.0555657250367967,0.2707553428983133,-1.5643203291142687,0.5357152389825608
-0.8204445578548297,-0.486601017186695,-0.49244777773694853,-0.8305890535431677,-1.056543843657237,-0.8401411489634709,-0.2851435302537876,0.06862529809449977,-1.0555657250367967,-0.34690528308846397,-0.4554689634533773,-1.3460630279925625
-0.8204445578548297,-0.32946669027038594,-0.3356609930323334,-0.014119470037067717,-1.056543843657237,-0.9254471894346865,-1.568564121145595,-0.6101678620193098,-1.0555657250367967,-0.34690528308846397,-1.2708008499687387,0.7287181381594966
-0.8204445578548297,-0.12117234993946462,-0.12782734819133196,-0.39564731279692755,0.2950916540335109,0.41575333575164736,-0.2851435302537876,0.2320805072188954,-1.0555657250367967,-0.34690528308846397,-0.16194948430784717,-0.911806504844457
1.374088061017936,1.3259251723595677,1.3160695528093096,0.5886945215235108,1.6467271517242588,1.8280422279973276,0.9982770606380199,1.757662459046588,0.7736638993593138,0.2707553428983133,1.077354983195502,0.9699717621306662
0.6425771880603474,0.2807991840324888,0.27325512430884624,0.6897993998548736,-1.056543843657237,-0.7974881287278631,-0.9268538256996913,-0.3104999786245845,-1.0555657250367967,1.5060765948718677,-1.9882929101022566,-1.6838181015522
-0.8204445578548297,-0.4062067103923043,-0.4122312832369129,-0.7580987634187943,0.2950916540335109,1.1550723531688492,-0.2851435302537876,0.13219121275398696,-1.0555657250367967,-0.9645659090752412,-1.662160155496112,-1.6838181015522
0.6425771880603474,1.4538252058960983,1.4436867031502754,1.6607877596787168,1.6467271517242588,1.695343942819881,1.6399873560839235,0.7201759233542434,0.7736638993593138,0.8884159688850906,0.8164487795105865,0.5839659637767948
-0.08893368489724114,0.31856014631470264,0.3109325686952266,0.8843785996624022,0.2950916540335109,-0.20982429437060024,-0.9268538256996913,-0.47168497651114133,-1.0555657250367967,0.2707553428983133,-1.2708008499687387,-1.6838181015522
2.1055989339755246,1.3307975545895308,1.3209311585365846,0.5925097999511094,1.6467271517242588,1.368337454346888,0.9982770606380199,1.7622028815222655,0.7736638993593138,0.8884159688850906,1.1425815341167311,1.0182224869249001
-0.08893368489724114,-0.6924591664026348,-0.6978506197143125,-0.33460285795534994,-1.056543843657237,-0.8401411489634709,-0.9268538256996913,-0.9052953229383575,-1.0555657250367967,0.2707553428983133,-0.06410965792600382,-0.7670543304617553
0.6425771880603474,1.0433270030217097,1.0340964206273662,0.3674083727227921,0.2950916540335109,0.24040203033859311,0.9982770606380199,1.4943179554572839,0.7736638993593138,0.2707553428983133,0.8164487795105865,0.5357152389825608
-0.08893368489724114,-0.011543749765295498,-0.018441219327646995,0.3597778158675949,0.2950916540335109,0.06505072492553886,-0.9268538256996913,-0.462604131559786,-1.0555657250367967,0.8884159688850906,-0.292402586150305,-1.1048094040213927
-0.8204445578548297,-0.7131667908799778,-0.7185124440552307,-1.0079995004265025,-1.056543843657237,-1.006014005435279,-0.2851435302537876,-0.14250434702451126,-1.0555657250367967,-0.34690528308846397,-0.292402586150305,0.7769688629537305
-0.08893368489724114,-0.5280162661413811,-0.533771426418785,-0.10950143072703267,0.2950916540335109,-0.2666949880180773,0.35656676519211616,-0.8667017318950974,0.7736638993593138,-0.34690528308846397,0.7186089531287432,0.390963064599859
-1.5519554308124182,-0.3891533725874336,-0.3952156631914508,-0.7542834849911958,0.2950916540335109,-0.11977902942876158,0.35656676519211616,0.1594337476080529,-1.0555657250367967,-0.9645659090752412,1.1099682586561166,0.9699717621306662
-0.08893368489724114,0.30881538185477647,0.3012093572406769,0.2796569688880243,0.2950916540335109,-0.3804363753130314,-0.2851435302537876,0.22981029598105657,0.7736638993593138,0.8884159688850906,-1.7273867064173412,-1.6838181015522
-0.08893368489724114,0.19309630389315352,0.18574622121789827,-0.3632174461623395,0.2950916540335109,0.1645744388086237,0.9982770606380199,0.779201415538053,0.7736638993593138,-0.9645659090752412,0.8816753304318155,0.6804674133652626
0.6425771880603474,0.13950009936355973,0.1322685582178745,-0.34032577559674787,0.2950916540335109,0.2972727239860702,-0.2851435302537876,0.6520695862190786,0.7736638993593138,-0.34690528308846397,0.9469018813530443,0.7769688629537305
-0.8204445578548297,-0.350174314747729,-0.35632281737325167,-0.723761257570407,-1.056543843657237,0.9275895785789409,-0.2851435302537876,0.19575712741347415,-1.0555657250367967,-0.34690528308846397,-0.39024241253214836,-1.2495615784040945
-0.08893368489724114,0.021344830286955236,0.014374619331458496,0.29682572181221806,0.2950916540335109,-0.17191049860561555,0.35656676519211616,-0.32639145728945634,0.7736638993593138,0.2707553428983133,0.2294098212195263,-0.3327978073136499
-1.5519554308124182,-0.8447211110889808,-0.8497757986916528,-0.34986397166574434,-2.408179341347985,-2.2571692656797744,-0.9268538256996913,-1.1709100377655004,-1.0555657250367967,-0.34690528308846397,-0.031496382465389355,1.1147239365133679
-0.8204445578548297,0.3075972862972857,0.2999939558088581,0.32162503159160893,-1.056543843657237,-0.6031799254323166,-0.9268538256996913,0.1775954375107635,-1.0555657250367967,0.8884159688850906,-0.292402586150305,-1.1048094040213927
-0.8204445578548297,-2.072561433039675,-2.074900441964924,-1.2311932884410206,-1.056543843657237,-0.8638372713165864,-1.568564121145595,-2.4104453736255005,-1.0555657250367967,-0.9645659090752412,-0.39024241253214836,-1.2495615784040945
0.6425771880603474,0.028653403631899846,0.021667027922370827,0.7012452351376695,0.2950916540335109,-0.3188264571949313,0.35656676519211616,-0.7940549722842549,0.7736638993593138,0.2707553428983133,0.7512222285893576,0.5357152389825608
-0.8204445578548297,-0.9689668579530392,-0.9737467447371624,-1.208301617875429,-1.056543843657237,-0.7974881287278631,-1.568564121145595,-0.38087652699758817,-1.0555657250367967,-0.9645659090752412,-0.292402586150305,-1.1048094040213927
-0.8204445578548297,0.11270199709876283,0.10552972671786263,0.5429111803923277,-1.056543843657237,-1.006014005435279,-0.2851435302537876,-0.44898286413275307,0.7736638993593138,0.8884159688850906,-0.292402586150305,-1.1048094040213927
0.6425771880603474,0.13462771713359667,0.12740695249059963,0.3559625374399963,0.2950916540335109,0.0934860717492774,0.35656676519211616,-0.18563836054344898,0.7736638993593138,0.2707553428983133,0.5555425758256708,0.14970944062868938
-0.08893368489724114,-0.4330048126571012,-0.43897011473692477,-0.7886209908395831,0.2950916540335109,0.47262402939912446,-0.2851435302537876,0.11856994532695399,-1.0555657250367967,-0.34690528308846397,1.0447417077348877,0.9217210373364323
0.6425771880603474,0.9678050784572819,0.9587415318546054,0.3082715570950138,1.6467271517242588,2.264050879294652,-0.2851435302537876,1.4239414070842802,0.7736638993593138,0.2707553428983133,1.1751948095773455,1.066473211719134
-0.8204445578548297,-0.5353248394863257,-0.5410638350096973,-0.2888195168241668,-1.056543843657237,-1.119755392730233,-0.2851435302537876,-0.6669231429652805,-1.0555657250367967,-0.34690528308846397,-0.9772813708232085,-1.6838181015522
1.374088061017936,2.5245312009304834,2.512024561718932,2.2445253591013024,0.2950916540335109,0.2925334995154471,1.6399873560839235,2.0210069626358917,0.7736638993593138,1.5060765948718677,0.03373016845583956,0.48746451418832687
1.374088061017936,0.715659298056693,0.7071534354681299,0.6573695332202856,0.2950916540335109,0.25935892822108547,1.6399873560839235,0.5385590243271372,0.7736638993593138,0.2707553428983133,0.9795151568136587,0.7769688629537305
-0.8204445578548297,-1.0566697380923744,-1.0612556478281103,-1.2769766295722038,-2.408179341347985,-2.2571692656797744,-0.2851435302537876,-0.462604131559786,-1.0555657250367967,-1.5822265350620184,-0.4228556879927628,1.1147239365133679
-1.5519554308124182,-1.0420525914024852,-1.0466708306462857,-1.2655307942894078,0.2950916540335109,0.8707188849314639,-1.568564121145595,-0.44898286413275307,-1.0555657250367967,-0.9645659090752412,-0.031496382465389355,-0.7188036056675213
2.1055989339755246,0.8654850516280574,0.8566478115818328,0.2682111336052285,1.6467271517242588,1.0697663126976336,0.9982770606380199,1.280918099100434,0.7736638993593138,0.2707553428983133,1.0121284322742732,0.8252195877479644
-0.8204445578548297,-1.5719241589109694,-1.5753704534874298,-1.3208523314895877,-1.056543843657237,-0.522613109431724,-1.568564121145595,-1.3706886266953173,-1.0555657250367967,-0.9645659090752412,-1.662160155496112,-1.6838181015522
-0.8204445578548297,-0.6327724840855872,-0.6382959495551952,-0.761914041846393,-1.056543843657237,-0.9017510670815712,-1.568564121145595,-0.2855276550083574,-1.0555657250367967,-0.9645659090752412,-0.5533087898352207,-1.4908152023752643
-0.08893368489724114,-0.43056862154211967,0.13834556537696813,0.21288959640504887,-1.056543843657237,-1.119755392730233,-1.568564121145595,0.0050593834350125795,-1.0555657250367967,-0.34690528308846397,-1.140347748126281,-1.6838181015522
-0.8204445578548297,-0.18938570115894762,-0.1958898283731804,-0.5978570694596532,0.2950916540335109,-0.0723867847225307,-0.2851435302537876,0.3455910691108368,-1.0555657250367967,-0.34690528308846397,-0.19456275976846163,-0.960057229638691
-0.08893368489724114,-0.366009556995109,-0.37212303598689506,0.05455554165970705,0.2950916540335109,-0.16717127413499244,-0.9268538256996913,-0.7600018037166725,-1.0555657250367967,0.8884159688850906,-0.09672293338661826,-0.8153050552559892
0.6425771880603474,0.17604296608828277,0.16873060117243618,-0.3117111873897584,0.2950916540335109,0.036615378101800336,0.9982770606380199,0.686122754786661,0.7736638993593138,-0.34690528308846397,1.1099682586561166,0.9699717621306662
0.6425771880603474,0.7509840692239252,0.7424000769908728,1.3517502070432303,0.2950916540335109,0.7854128444602483,0.35656676519211616,-0.22196174034887023,0.7736638993593138,0.8884159688850906,0.8490620549712009,0.5839659637767948
-0.08893368489724114,-0.7363106064723024,-0.7416050712597865,-0.998461304357506,0.2950916540335109,0.1313998675142621,-0.2851435302537876,-0.1969894167326431,-1.0555657250367967,-1.5822265350620184,0.19679654575891184,-0.38104853210788386
-1.5519554308124182,-0.4159514748522305,-0.4219544946914627,-0.7752675163429881,0.2950916540335109,-0.17191049860561555,-0.2851435302537876,0.13446142399182578,0.7736638993593138,-0.9645659090752412,1.0447417077348877,0.9217210373364323
-0.8204445578548297,0.7290583491890914,0.7205228512181359,0.3693160119365914,0.2950916540335109,-0.17191049860561555,0.35656676519211616,0.9063332448570274,0.7736638993593138,0.2707553428983133,-0.09672293338661826,0.390963064599859
0.6425771880603474,0.05910579256916904,0.052052063717838874,-0.40327786965212475,0.2950916540335109,-0.17191049860561555,-0.2851435302537876,0.5771526153703973,0.7736638993593138,-0.34690528308846397,1.1751948095773455,1.066473211719134
-0.08893368489724114,-0.2088752300787999,-0.21533625128227993,-0.38801675594173035,0.2950916540335109,-0.17191049860561555,-0.2851435302537876,0.05954445314314445,0.7736638993593138,-0.34690528308846397,-0.19456275976846163,-0.960057229638691
1.374088061017936,-0.004235176420350891,-0.011148810736734663,-0.3193417442449556,0.2950916540335109,0.4204925602222705,-0.2851435302537876,0.35921233653786977,-1.0555657250367967,-1.5822265350620184,0.425089473983213,-0.04329345854824633
-0.08893368489724114,-0.23810952345857833,-0.24450588564592926,-0.6360098537356392,-1.056543843657237,-0.7785312308453708,-0.2851435302537876,0.30018684435406023,-1.0555657250367967,-0.34690528308846397,-0.39024241253214836,-1.2495615784040945
2.1055989339755246,1.3746489946591984,1.3646856100820586,0.6268473057994968,1.6467271517242588,1.695343942819881,0.35656676519211616,1.8030666838033644,-1.0555657250367967,0.8884159688850906,1.2730346359591889,1.2112253861018358
-0.8204445578548297,-0.9762754312979838,-0.9810391533280747,-1.1968557825926331,-1.056543843657237,-0.9301864139053097,-1.568564121145595,-0.40811906185165414,-1.0555657250367967,-0.9645659090752412,-0.1293362088472327,-0.8635557800502232
-0.8204445578548297,-0.8447211110889808,-0.8497757986916528,-0.7504682065635971,-1.056543843657237,-1.119755392730233,0.35656676519211616,-0.6941656778193465,-1.0555657250367967,0.2707553428983133,-1.009894646283823,-1.6838181015522
-0.08893368489724114,0.2211125017154412,0.21370045414972888,0.8271494232484232,0.2950916540335109,0.396796437869155,1.6399873560839235,-0.5851955384030827,0.7736638993593138,0.2707553428983133,0.9795151568136587,0.8252195877479644
-0.8204445578548297,-1.158989764921599,-1.163349368100883,-1.3570974765517743,0.2950916540335109,1.6100379023486655,-0.2851435302537876,-0.5579530035490168,-1.0555657250367967,-1.5822265350620184,0.3598629230619841,0.8734703125421983
-0.8204445578548297,-0.9689668579530392,-0.9737467447371624,-1.208301617875429,0.2950916540335109,-0.12451825389938466,-1.568564121145595,-0.38087652699758817,-1.0555657250367967,-0.9645659090752412,-0.09672293338661826,-0.8153050552559892
-1.5519554308124182,-1.1516811915766543,-1.1560569595099706,-0.8305890535431677,-1.056543843657237,-0.9017510670815712,-0.9268538256996913,-1.1709100377655004,-1.0555657250367967,-0.34690528308846397,0.06634344391645401,-0.5740514312848196
-0.08893368489724114,-0.48172863495673196,-0.48758617200967364,-0.8267737751155692,0.2950916540335109,0.0887468472786543,-1.568564121145595,0.07316572057017742,-1.0555657250367967,-0.9645659090752412,-0.5859220652958351,-1.5390659271694982
-0.08893368489724114,0.3660658730568426,0.3583332245361568,0.5410035411785283,0.2950916540335109,-0.0297337644869229,-1.568564121145595,0.02549128457556203,-1.0555657250367967,-0.34690528308846397,-0.4880822389139917,0.9217210373364323
-1.5519554308124182,-1.5707060633534786,-1.574155052055611,-0.4452459323557093,-2.408179341347985,-2.2571692656797744,-0.2851435302537876,-2.4104453736255005,0.7736638993593138,0.2707553428983133,-2.314425664708401,0.7287181381594966
0.6425771880603474,0.6182116534574316,0.6099213209226322,0.9664070858557721,0.2950916540335109,0.7996305178721175,1.6399873560839235,-0.010832095229859218,0.7736638993593138,0.8884159688850906,0.8490620549712009,0.6322166885710286
-0.08893368489724114,-0.09437424767466772,-0.10108851669132009,-0.5234591401214805,-1.056543843657237,-0.5889622520204473,0.35656676519211616,0.4341293073865511,-1.0555657250367967,-0.9645659090752412,-0.35762913707153393,-1.2013108536098607
0.6425771880603474,1.3965747146940324,1.3865628358547955,1.8820739084794356,0.2950916540335109,1.0271132924620257,0.35656676519211616,0.35013149158651447,0.7736638993593138,0.8884159688850906,0.6207691267468998,0.2944616150113912
-0.8204445578548297,-0.3355571680578398,-0.341738000191427,-0.7123154222876111,0.2950916540335109,0.017658480219307982,-0.9268538256996913,0.2093783948405071,-1.0555657250367967,-0.34690528308846397,-0.16194948430784717,-0.911806504844457
-0.08893368489724114,-0.486601017186695,-0.49244777773694853,-0.13620837972022287,0.2950916540335109,-0.22404196778246951,0.35656676519211616,-0.7577315924788337,0.7736638993593138,0.8884159688850906,1.1425815341167311,1.0182224869249001
-0.08893368489724114,0.24182012619278423,0.23436227849064714,0.5200195098267361,0.2950916540335109,-0.06290833578128452,0.35656676519211616,-0.18109793806777133,0.7736638993593138,0.2707553428983133,0.9469018813530443,0.7287181381594966
-0.8204445578548297,-0.5012181638765842,-0.33201478873687723,0.24531946303963695,-1.056543843657237,-1.4041088609676184,0.35656676519211616,-0.912105956651874,0.7736638993593138,0.8884159688850906,-1.79261325733857,0.10145871583445545
1.374088061017936,1.2589299166975756,1.2492224740592799,1.5978356656233401,1.6467271517242588,1.799606881173589,1.6399873560839235,0.43185909614871226,0.7736638993593138,0.8884159688850906,0.9142886058924299,0.6804674133652626
0.6425771880603474,0.35144872636695335,0.3437484073543321,-0.17436116399620885,0.2950916540335109,0.036615378101800336,0.9982770606380199,0.8495779639110567,0.7736638993593138,0.8884159688850906,1.077354983195502,0.9217210373364323
-0.08893368489724114,-0.5998839040333365,-0.6054801108960897,-0.8878182299571467,0.2950916540335109,0.2972727239860702,-0.2851435302537876,-0.0743980098893464,-1.0555657250367967,-0.9645659090752412,0.16418327029829738,-0.4292992569021178
-0.8204445578548297,-0.3915895637024151,-0.39764646605508824,-0.11713198758222987,0.2950916540335109,0.4252317846928936,0.35656676519211616,-0.6033572283057933,0.7736638993593138,0.2707553428983133,-1.140347748126281,0.19796016542292333
-0.8204445578548297,-0.3891533725874336,-0.3952156631914508,-0.7104077830738119,0.2950916540335109,0.47262402939912446,-0.2851435302537876,0.10721888913775984,-1.0555657250367967,-0.34690528308846397,-0.32501586161091944,0.48746451418832687
0.6425771880603474,0.595067837865107,0.5868286937180764,0.01640275738372107,0.2950916540335109,0.26409815269170855,0.9982770606380199,1.0765990876949394,0.7736638993593138,0.2707553428983133,1.0121284322742732,0.8734703125421983
-0.8204445578548297,-0.7813801420994608,-0.7865749242370792,-1.0614133984128828,-1.056543843657237,-0.8354019244928479,-0.9268538256996913,-0.20607026168399845,-1.0555657250367967,-0.9645659090752412,-0.06410965792600382,-0.7670543304617553
-0.08893368489724114,-0.7034220264200517,-0.708789232600681,-1.0003689435713055,0.2950916540335109,0.5294947230466015,-0.2851435302537876,-0.13342350207315593,-1.0555657250367967,-0.34690528308846397,0.425089473983213,-0.04329345854824633
0.6425771880603474,0.5171097221856978,0.5090430020816783,-0.044641697457856504,0.2950916540335109,0.008180031278061805,0.9982770606380199,1.003952328084097,0.7736638993593138,-0.34690528308846397,0.8164487795105865,0.5357152389825608
-0.8204445578548297,0.32221443298717495,0.3145787729906828,0.7489362154826519,0.2950916540335109,-0.36147947743053904,-0.2851435302537876,-0.303689344911068,0.7736638993593138,2.123737220858645,-0.7489884425989074,-1.6838181015522
0.6425771880603474,-0.12117234993946462,-0.12782734819133196,-0.5444431714732728,0.2950916540335109,0.2451412548092162,-0.9268538256996913,0.409156983770324,-1.0555657250367967,-0.34690528308846397,0.06634344391645401,-0.5740514312848196
0.6425771880603474,1.1066679720112296,1.0972972950819397,1.5501446852783576,-1.056543843657237,-1.062884699082756,-0.2851435302537876,0.20483797236482945,0.7736638993593138,1.5060765948718677,-0.9772813708232085,1.0182224869249001
0.6425771880603474,0.8849745805479098,0.8760942344909323,0.25485765910863345,0.2950916540335109,0.5768869677528323,-0.2851435302537876,1.333132957570727,0.7736638993593138,-0.34690528308846397,0.8816753304318155,0.6322166885710286
-0.08893368489724114,-0.3988981370473597,-0.40493887464600054,-0.7905286300533825,-1.056543843657237,0.1313998675142621,0.35656676519211616,0.18440607122428,-1.0555657250367967,-0.34690528308846397,0.16418327029829738,-0.4292992569021178
-1.5519554308124182,-0.738746797587284,-0.744035874123424,-0.5673348420388644,-1.056543843657237,-0.8117058021397324,0.35656676519211616,-0.714597578959896,-1.0555657250367967,-0.9645659090752412,-0.8142149935201363,-1.6838181015522
-0.08893368489724114,-0.13213520995688152,-0.13876596107770045,-0.4738605205626988,0.2950916540335109,-0.015516091075053634,0.35656676519211616,0.3047272668297379,0.7736638993593138,-0.34690528308846397,0.19679654575891184,-0.38104853210788386
2.1055989339755246,2.017803449014324,2.0064175660823436,2.175850347404528,1.6467271517242588,1.1835076999925878,1.6399873560839235,1.1583266922571374,0.7736638993593138,2.123737220858645,1.0447417077348877,0.9217210373364323
-1.5519554308124182,-1.163862147151562,-0.730666458373418,-0.6093029047424491,0.2950916540335109,0.2972727239860702,-1.568564121145595,-0.6396806081112146,-1.0555657250367967,-0.9645659090752412,-1.4990937781930398,-1.6838181015522
0.6425771880603474,0.04448864587927983,0.037467246536014215,-0.4147237049349205,0.2950916540335109,-0.36147947743053904,-0.2851435302537876,0.5635313479433643,0.7736638993593138,-0.34690528308846397,1.1099682586561166,0.9699717621306662
1.374088061017936,1.4940223592932937,1.4837949504002932,2.0003475397349924,1.6467271517242588,0.8991542317552024,0.35656676519211616,0.39099529386761334,0.7736638993593138,2.123737220858645,1.1425815341167311,1.0182224869249001
-0.8204445578548297,-0.8666468311238146,-0.8716530244643897,-1.1281807708958584,0.2950916540335109,0.9275895785789409,-0.2851435302537876,-0.2855276550083574,-1.0555657250367967,-1.5822265350620184,0.2946363721407552,-0.23629635772518207
-0.08893368489724114,-0.15893331222167842,-0.16550479257771233,0.22815071011544327,-1.056543843657237,-1.2334967800251873,0.35656676519211616,-0.580655115927405,-1.0555657250367967,-0.34690528308846397,-1.8252265327991843,-1.6838181015522
0.6425771880603474,-0.20034856117636454,-0.20682844125954888,-0.5864112341768575,0.2950916540335109,0.7380205997540173,0.9982770606380199,0.31153790054325436,0.7736638993593138,-0.34690528308846397,1.1425815341167311,1.0182224869249001
-0.8204445578548297,-0.9982011513328176,-1.0029163791008118,-1.2311932884410206,0.2950916540335109,-0.0723867847225307,-0.2851435302537876,-0.40811906185165414,-1.0555657250367967,-0.9645659090752412,0.03373016845583956,-0.6223021560790535
-0.8204445578548297,-0.7935610976743686,-0.7987289385552664,-0.4299848186453149,0.2950916540335109,-0.17191049860561555,0.35656676519211616,-0.9802122937870388,0.7736638993593138,-0.34690528308846397,-0.031496382465389355,-0.7188036056675213
0.6425771880603474,0.34414015302200873,0.3364559987634198,-0.16291532871341305,0.2950916540335109,0.11244296963176974,-0.2851435302537876,0.8223354290569908,0.7736638993593138,-0.9645659090752412,0.6207691267468998,0.24621089021715725
2.1055989339755246,0.6559726157396454,0.6475987653090126,0.06409373772870354,0.2950916540335109,0.3778395399866627,0.9982770606380199,1.1333543686409102,0.7736638993593138,-0.34690528308846397,1.1099682586561166,0.9699717621306662
-0.08893368489724114,-0.213747612308763,-0.22019785700955483,-0.6169334615976463,0.2950916540335109,-0.304608783783062,0.9982770606380199,0.3228889567324485,0.7736638993593138,-0.9645659090752412,0.8816753304318155,0.6322166885710286
0.6425771880603474,-0.6291181974131149,-0.6346497452597389,-0.2850042383965682,0.2950916540335109,-0.5510484562554626,-0.2851435302537876,-0.846269830754548,0.7736638993593138,0.2707553428983133,-1.4012539518111964,0.9699717621306662
-0.08893368489724114,-1.0810316492421899,-1.0855636764644847,-1.2960530217101967,0.2950916540335109,-0.2666949880180773,-0.2851435302537876,-0.4853062439381743,-1.0555657250367967,-2.1998871610487956,1.077354983195502,0.9217210373364323
0.6425771880603474,0.56826973560031,0.5600898622180646,-0.0045812739680712216,0.2950916540335109,0.30675117292731635,0.9982770606380199,1.0516267640787123,0.7736638993593138,-0.34690528308846397,0.9469018813530443,0.7287181381594966
-0.8204445578548297,-0.13822568774433536,-0.14484296823679407,-0.557796645969868,0.2950916540335109,0.017658480219307982,-1.568564121145595,0.39326550510545216,-1.0555657250367967,-0.34690528308846397,-0.32501586161091944,-1.1530601288156268
-0.08893368489724114,-0.6766239241552549,-0.6820504011006692,-0.22014450512739203,0.2950916540335109,-0.20982429437060024,0.35656676519211616,-1.0119952511167825,0.7736638993593138,-0.34690528308846397,1.1425815341167311,1.066473211719134
-0.8204445578548297,-0.418387665967212,-0.42438529755510007,1.3593807638984277,0.2950916540335109,0.2451412548092162,-0.2851435302537876,-2.4104453736255005,0.7736638993593138,3.3590584728321997,0.26202309668014073,-0.28454708251941596
0.6425771880603474,0.9824222251471711,0.97332634903643,1.4643009206573891,0.2950916540335109,0.5389731719878477,1.6399873560839235,0.07543593180801625,0.7736638993593138,1.5060765948718677,0.6859956776681286,0.7287181381594966
1.374088061017936,0.9032460139102713,0.8943252559682131,0.2682111336052285,0.2950916540335109,0.12192141857301592,0.9982770606380199,1.3512946474734377,0.7736638993593138,0.8884159688850906,1.0447417077348877,0.8734703125421983
0.6425771880603474,0.7850907448336668,0.7764313170817971,0.1651986160600664,1.6467271517242588,1.842259901409197,-0.2851435302537876,1.253675564246368,0.7736638993593138,0.2707553428983133,1.1099682586561166,1.0182224869249001
-0.8204445578548297,-1.2564374095208604,-1.2605814826463808,-1.2617155158618094,-2.408179341347985,-2.2571692656797744,-1.568564121145595,-0.8530804644680644,-1.0555657250367967,-1.5822265350620184,-0.8468282689807507,0.5839659637767948
0.6425771880603474,0.49274781103588244,0.48473497344530386,-0.0637180895958495,1.6467271517242588,1.7237792896436197,-0.2851435302537876,0.9812502157057087,0.7736638993593138,0.2707553428983133,1.1425815341167311,1.066473211719134
0.6425771880603474,-0.5304524572563627,-0.5362022292824226,-0.18199172085140602,0.2950916540335109,-0.20982429437060024,1.6399873560839235,-0.7849741273328996,0.7736638993593138,-0.34690528308846397,1.077354983195502,0.9699717621306662
1.374088061017936,0.4610773265411225,0.4531345362180171,0.7184139880618632,0.2950916540335109,1.2308999446988185,1.6399873560839235,-0.008561883992020389,0.7736638993593138,0.8884159688850906,1.1099682586561166,0.9699717621306662
-0.08893368489724114,-0.5085267372215289,-0.5143250035096855,-0.7676369594877909,-1.056543843657237,-0.5889622520204473,-0.2851435302537876,-0.04715547503528047,-1.0555657250367967,-0.34690528308846397,0.16418327029829738,-0.4292992569021178
-0.08893368489724114,-1.174825007168979,-1.1791495867145263,-0.8687418378191537,0.2950916540335109,0.23092358139734695,0.9982770606380199,-1.1686398265276616,0.7736638993593138,-0.9645659090752412,1.1099682586561166,1.0182224869249001
-0.8204445578548297,1.0969232075513033,1.08757408362739,0.647831337151289,-1.056543843657237,-0.8211842510809786,-0.2851435302537876,1.2604861979598845,-1.0555657250367967,0.2707553428983133,-0.5206955143746061,0.390963064599859
-0.08893368489724114,-0.5231438839114181,-0.5289098206915102,-0.08660976016144108,-1.056543843657237,-0.36147947743053904,-0.2851435302537876,-0.8848634217978081,0.7736638993593138,0.2707553428983133,-1.4990937781930398,-1.6838181015522
1.374088061017936,1.1578279854258418,1.148344155218326,1.6188196969751323,1.6467271517242588,1.78538920776172,1.6399873560839235,0.2184592397918624,2.6028935237554243,1.5060765948718677,1.1099682586561166,1.0182224869249001
-0.8204445578548297,-1.8703575704962074,-1.8731438042830166,-0.9145251789503369,0.2950916540335109,-0.2666949880180773,-1.568564121145595,-2.4104453736255005,-1.0555657250367967,0.2707553428983133,-0.6837618916776784,-1.6838181015522
0.6425771880603474,0.12244676155868899,0.11525293817241242,0.5581722941027221,0.2950916540335109,0.07452917386678504,-0.2851435302537876,-0.44898286413275307,-1.0555657250367967,0.8884159688850906,-0.19456275976846163,0.14970944062868938
0.6425771880603474,-1.0517973558624114,-0.9591619275553377,-0.6245640184528435,0.2950916540335109,0.017658480219307982,0.35656676519211616,-1.0483186309222037,0.7736638993593138,-1.5822265350620184,1.1099682586561166,0.9699717621306662
2.1055989339755246,1.749822426366355,1.7390292510822247,0.9358848584349833,1.6467271517242588,1.2782921894050494,-0.2851435302537876,2.1345175245278334,0.7736638993593138,2.123737220858645,1.20780808503796,1.162974661307602
-0.8204445578548297,-0.7204753642249224,-0.7258048526461431,-1.0137224180679005,-2.408179341347985,-2.2571692656797744,-0.2851435302537876,-0.14931498073802774,-1.0555657250367967,-0.34690528308846397,-1.009894646283823,-0.7670543304617553
-0.08893368489724114,-1.0810316492421899,-1.0855636764644847,-1.2960530217101967,0.2950916540335109,-0.2666949880180773,-0.2851435302537876,-0.4853062439381743,-1.0555657250367967,-2.1998871610487956,1.0447417077348877,0.8734703125421983
0.6425771880603474,0.06276007924164134,0.05569826801329504,0.4456215804885634,0.2950916540335109,0.4821024783403706,0.9982770606380199,-0.42628075175436475,2.6028935237554243,0.2707553428983133,1.1751948095773455,1.066473211719134
-0.8204445578548297,-0.5718677062110488,-0.577525877964259,-0.8973564260261432,0.2950916540335109,0.47262402939912446,-1.568564121145595,-0.010832095229859218,-1.0555657250367967,-0.34690528308846397,-0.292402586150305,-1.1048094040213927
1.374088061017936,0.7339307314190545,0.7253844569454108,0.1251381925702811,0.2950916540335109,0.9749818232851718,0.35656676519211616,1.2060011282517527,-1.0555657250367967,-0.9645659090752412,0.9795151568136587,0.8252195877479644
0.6425771880603474,-0.643735344103004,-0.6492345624415636,-0.277373681541371,0.2950916540335109,0.06505072492553886,1.6399873560839235,-0.8825932105599692,0.7736638993593138,-0.34690528308846397,0.9469018813530443,0.7287181381594966
0.6425771880603474,0.24182012619278423,0.23436227849064714,-0.2602049286171773,0.2950916540335109,0.2546197037504624,-0.2851435302537876,0.7474184582083093,0.7736638993593138,-0.9645659090752412,1.077354983195502,0.9217210373364323
-0.8204445578548297,-0.2588171479359214,-0.2651677099868475,-0.31361882660355767,-1.056543843657237,-0.8922726181403249,-0.2851435302537876,-0.1220724458839618,-1.0555657250367967,-0.34690528308846397,-0.651148616217064,0.7287181381594966
0.6425771880603474,0.4074811220115287,0.3996568732179933,-0.13048546207882497,0.2950916540335109,0.24040203033859311,-0.2851435302537876,0.9017928223813497,0.7736638993593138,-0.34690528308846397,1.0121284322742732,0.8252195877479644
1.374088061017936,0.6852069091194238,0.6767683996726619,0.23768890618443977,0.2950916540335109,0.10770374516114666,0.9982770606380199,0.9812502157057087,0.7736638993593138,-0.34690528308846397,0.9469018813530443,0.7287181381594966
-0.08893368489724114,-0.7521458487196825,-0.7574052898734299,-0.9564932416539215,0.2950916540335109,0.47262402939912446,-0.2851435302537876,-0.2764468100570021,-1.0555657250367967,-0.9645659090752412,0.2294098212195263,-0.3327978073136499
0.6425771880603474,1.5792890483176474,1.5688730506276038,2.122436449418147,2.998362649415007,1.837520676938574,-0.9268538256996913,0.40461656129464635,-1.0555657250367967,0.8884159688850906,-2.9666911739206903,0.8734703125421983
-0.08893368489724114,-0.17720474558403995,-0.18373581405499317,0.21479723561884817,0.2950916540335109,0.2072274590442315,0.35656676519211616,-0.5988168058301157,0.7736638993593138,-0.34690528308846397,1.077354983195502,0.9217210373364323
0.6425771880603474,-1.0213449669251422,-1.0260090063053675,-0.8000668261223789,-1.056543843657237,-0.9301864139053097,-1.568564121145595,-0.964320815122167,-1.0555657250367967,-0.34690528308846397,-1.3360274008899675,-1.6838181015522
-1.5519554308124182,-1.4586412720643278,-1.4623381203282886,-1.591737099849088,-2.408179341347985,-2.2571692656797744,-1.568564121145595,-0.8371889858031927,-1.0555657250367967,-1.5822265350620184,-0.9772813708232085,-1.6838181015522
-0.8204445578548297,-0.8179230088241839,-0.8230369671916409,-0.6188411008114455,-1.056543843657237,-0.5889622520204473,-0.2851435302537876,-0.8008656059977713,-1.0555657250367967,-0.9645659090752412,-0.6837618916776784,-1.6838181015522
-0.8204445578548297,0.6827707180044422,0.6743375968090245,0.08507776908049583,1.6467271517242588,2.4583590825901984,0.35656676519211616,1.1583266922571374,-1.0555657250367967,-0.9645659090752412,-0.2597893106896905,-1.0565586792271588
0.6425771880603474,0.6535364246246638,0.6451679624453751,0.062186098514904246,0.2950916540335109,0.45840635598725515,-0.2851435302537876,1.1310841574030712,0.7736638993593138,0.2707553428983133,1.0447417077348877,0.8734703125421983
-0.08893368489724114,0.4306249376038533,0.42274950042254905,0.8214265056070252,0.2950916540335109,0.07452917386678504,-0.2851435302537876,-0.1879085717812878,0.7736638993593138,0.8884159688850906,-0.8142149935201363,-1.6838181015522
-0.8204445578548297,-0.9689668579530392,-0.9737467447371624,-1.208301617875429,-1.056543843657237,-0.43730706896050847,-1.568564121145595,-0.38087652699758817,-1.0555657250367967,-0.9645659090752412,-0.16194948430784717,-0.911806504844457
1.374088061017936,-0.07123043208234313,-0.07799588948676436,-0.4929369127006918,0.2950916540335109,-0.21930274331184643,-0.2851435302537876,0.44093994110006757,0.7736638993593138,-0.34690528308846397,1.077354983195502,0.9699717621306662
0.6425771880603474,0.31856014631470264,0.3109325686952266,-0.18962227770660323,0.2950916540335109,0.3683610910454165,-0.2851435302537876,0.8064439503921189,0.7736638993593138,-0.34690528308846397,1.20780808503796,1.1147239365133679
1.374088061017936,1.5597995193977952,1.5494266277185043,0.7718278860482435,1.6467271517242588,1.410990474582496,0.9982770606380199,1.9756027378791154,0.7736638993593138,0.2707553428983133,1.20780808503796,1.1147239365133679
2.1055989339755246,0.9556241228823743,0.9465875175364181,0.29873336102601733,0.2950916540335109,0.41575333575164736,-0.2851435302537876,1.412590350895086,0.7736638993593138,-0.34690528308846397,1.1099682586561166,0.9699717621306662
1.374088061017936,2.857071288125463,2.843829152605443,3.3414179070358996,1.6467271517242588,1.7285185141142427,2.923407946975731,1.335403168808566,2.6028935237554243,3.3590584728321997,1.0447417077348877,0.8734703125421983
-1.5519554308124182,-1.158989764921599,-1.163349368100883,-1.3570974765517743,-1.056543843657237,-0.8922726181403249,-0.2851435302537876,-0.5579530035490168,-1.0555657250367967,-2.1998871610487956,-1.0751211972050518,-1.2978123031983284
0.6425771880603474,0.6060306978825238,0.597767306604445,1.2010467091530859,0.2950916540335109,0.0508330515136696,0.35656676519211616,-0.31277018986242333,0.7736638993593138,0.8884159688850906,-0.16194948430784717,-0.911806504844457
-0.08893368489724114,-0.11873615882448309,-0.1253965453276945,0.29491808259841873,0.2950916540335109,0.22144513245610076,0.35656676519211616,-0.5851955384030827,0.7736638993593138,0.2707553428983133,0.8816753304318155,0.6322166885710286
-0.8204445578548297,-1.44646031648942,-1.4501841060101013,-1.5821989037800916,-2.408179341347985,-2.2571692656797744,-0.9268538256996913,-0.8258379296139985,-1.0555657250367967,-1.5822265350620184,-0.7816017180595218,1.1147239365133679
-0.8204445578548297,-0.182077127814003,-0.18859741978226804,0.30445627866741526,0.2950916540335109,0.45366713151663207,-0.2851435302537876,-0.714597578959896,-1.0555657250367967,0.2707553428983133,-0.7489884425989074,-1.6838181015522
-0.08893368489724114,-0.9104982711934823,-0.9154074760098637,-0.5787806773216603,0.2950916540335109,0.2451412548092162,0.35656676519211616,-1.0210760960681378,0.7736638993593138,-1.5822265350620184,1.2404213604985743,1.162974661307602
-0.8204445578548297,1.062816531941562,1.0535428435364658,0.3826694864331865,-1.056543843657237,-0.5889622520204473,0.35656676519211616,1.5124796453599945,0.7736638993593138,2.123737220858645,-0.2271760352290761,-1.008307954432925
-0.08893368489724114,-0.36722765255259976,-0.37333843741871375,-0.7371147320670021,0.2950916540335109,0.036615378101800336,-0.9268538256996913,0.17986564874860234,-1.0555657250367967,-0.34690528308846397,1.1099682586561166,0.9699717621306662
0.6425771880603474,-0.03590566091511086,-0.04274924796402143,-0.4776757989902974,0.2950916540335109,0.23566280586797003,-0.2851435302537876,0.488614377094683,-1.0555657250367967,-0.9645659090752412,-0.031496382465389355,-0.7188036056675213
-1.5519554308124182,-0.8873544556011577,-0.892314848805308,-0.7714522379153894,-1.056543843657237,-1.006014005435279,-1.568564121145595,-0.7486507475274784,-1.0555657250367967,-1.5822265350620184,-1.0425079217444375,-1.6838181015522
1.374088061017936,3.0020246594668647,2.988461922991871,1.9011503006174286,0.2950916540335109,0.31149039739793943,1.6399873560839235,3.3195677906797014,0.7736638993593138,1.5060765948718677,0.32724964760136965,-0.18804563293094811
-0.08893368489724114,0.05423341033920597,0.04719045799056398,-0.40709314807972335,0.2950916540335109,-0.17191049860561555,-0.2851435302537876,0.5726121928947197,0.7736638993593138,-0.34690528308846397,1.1425815341167311,1.0182224869249001
-1.5519554308124182,0.6328288001473208,0.6245061381044569,0.8653022075244091,0.2950916540335109,0.47262402939912446,0.9982770606380199,0.1367316352296646,0.7736638993593138,0.2707553428983133,-1.4012539518111964,-1.6838181015522
-0.8204445578548297,-1.0420525914024852,-1.0466708306462857,-1.2655307942894078,0.2950916540335109,0.45366713151663207,-0.2851435302537876,-0.44898286413275307,-1.0555657250367967,-0.9645659090752412,-0.5206955143746061,0.24621089021715725
0.6425771880603474,-0.29901430133311674,-0.30527595723686535,-0.19343755613420183,-1.056543843657237,-1.2334967800251873,-0.9268538256996913,-0.3400127247164893,-1.0555657250367967,0.2707553428983133,-1.7273867064173412,0.6322166885710286
0.6425771880603474,0.41966207758643637,0.41181088753618056,0.05264790244590775,1.6467271517242588,0.8707188849314639,-0.2851435302537876,0.7065546559272105,0.7736638993593138,0.2707553428983133,1.1751948095773455,1.066473211719134
